GENERATION_PROJECT,PERIOD,gen_tech,gen_load_zone,gen_energy_source,BuildGen,BuildStorageEnergy,GenCapitalOutlay
AMOYA,2023,Hidro,Surocciden,Water,0,0,0
AMOYA,2024,Hidro,Surocciden,Water,0,0,0
BARRANQUILL3,2023,Thermal,Caribe,GASIMPOR,0,0,0
BARRANQUILL3,2024,Thermal,Caribe,GASIMPOR,0,0,0
BARRANQUILL4,2023,Thermal,Caribe,GASIMPOR,0,0,0
BARRANQUILL4,2024,Thermal,Caribe,GASIMPOR,0,0,0
BETANIA,2023,Hidro,Surocciden,Water,0,0,0
BETANIA,2024,Hidro,Surocciden,Water,0,0,0
C_LLERAS_R,2023,Hidro,Antioquia,Water,0,0,0
C_LLERAS_R,2024,Hidro,Antioquia,Water,0,0,0
CALDERAS,2023,Hidro,Antioquia,Water,0,0,0
CALDERAS,2024,Hidro,Antioquia,Water,0,0,0
CALIMA,2023,Hidro,Surocciden,Water,0,0,0
CALIMA,2024,Hidro,Surocciden,Water,0,0,0
CANDELARIA,2023,Thermal,Caribe,GASIMPOR,0,0,0
CANDELARIA,2024,Thermal,Caribe,GASIMPOR,0,0,0
CARTAGENA1,2023,Thermal,Caribe,COMBUSTOLEO,0,0,0
CARTAGENA1,2024,Thermal,Caribe,COMBUSTOLEO,0,0,0
CARTAGENA2,2023,Thermal,Caribe,COMBUSTOLEO,0,0,0
CARTAGENA2,2024,Thermal,Caribe,COMBUSTOLEO,0,0,0
CARTAGENA3,2023,Thermal,Caribe,COMBUSTOLEO,0,0,0
CARTAGENA3,2024,Thermal,Caribe,COMBUSTOLEO,0,0,0
CHARQUITO,2023,Hidro,Oriental,Water,0,0,0
CHARQUITO,2024,Hidro,Oriental,Water,0,0,0
CHIVOR,2023,Hidro,Oriental,Water,0,0,0
CHIVOR,2024,Hidro,Oriental,Water,0,0,0
CUCUANA,2023,Hidro,Surocciden,Water,0,0,0
CUCUANA,2024,Hidro,Surocciden,Water,0,0,0
DARIO VALENC,2023,Hidro,Oriental,Water,0,0,0
DARIO VALENC,2024,Hidro,Oriental,Water,0,0,0
EL QUIMBO,2023,Hidro,Surocciden,Water,0,0,0
EL QUIMBO,2024,Hidro,Surocciden,Water,0,0,0
ELTESORITO,2023,Thermal,Caribe,GASNACIO,0,0,0
ELTESORITO,2024,Thermal,Caribe,GASNACIO,0,0,0
ESCUELAMINAS,2023,Hidro,Antioquia,Water,0,0,0
ESCUELAMINAS,2024,Hidro,Antioquia,Water,0,0,0
ESMERALDA,2023,Hidro,Surocciden,Water,0,0,0
ESMERALDA,2024,Hidro,Surocciden,Water,0,0,0
FLORES 1,2023,Thermal,Caribe,GASIMPOR,0,0,0
FLORES 1,2024,Thermal,Caribe,GASIMPOR,0,0,0
FLORES4,2023,Thermal,Caribe,GASNACIO,0,0,0
FLORES4,2024,Thermal,Caribe,GASNACIO,0,0,0
GUAJIRA1,2023,Thermal,Caribe,CARBON,0,0,0
GUAJIRA1,2024,Thermal,Caribe,CARBON,0,0,0
GUAJIRA2,2023,Thermal,Caribe,CARBON,0,0,0
GUAJIRA2,2024,Thermal,Caribe,CARBON,0,0,0
GUATAPE,2023,Hidro,Antioquia,Water,0,0,0
GUATAPE,2024,Hidro,Antioquia,Water,0,0,0
GUAVIO,2023,Hidro,Oriental,Water,0,0,0
GUAVIO,2024,Hidro,Oriental,Water,0,0,0
H_AguaFresca,2023,Menores,Antioquia,RunofRiver,0,0,0
H_AguaFresca,2024,Menores,Antioquia,RunofRiver,0,0,0
H_Alejandria,2023,Menores,Antioquia,RunofRiver,0,0,0
H_Alejandria,2024,Menores,Antioquia,RunofRiver,0,0,0
H_Amaime,2023,Menores,Surocciden,RunofRiver,0,0,0
H_Amaime,2024,Menores,Surocciden,RunofRiver,0,0,0
H_Amalfi,2023,Hidro,Antioquia,Water,0,0,0
H_Amalfi,2024,Hidro,Antioquia,Water,0,0,0
H_America,2023,Hidro,Antioquia,Water,0,0,0
H_America,2024,Hidro,Antioquia,Water,0,0,0
H_Asnazu,2023,Hidro,Surocciden,Water,0,0,0
H_Asnazu,2024,Hidro,Surocciden,Water,0,0,0
H_AuresBajo,2023,Hidro,Antioquia,Water,0,0,0
H_AuresBajo,2024,Hidro,Antioquia,Water,0,0,0
H_AutCemNare,2023,Hidro,Antioquia,Water,0,0,0
H_AutCemNare,2024,Hidro,Antioquia,Water,0,0,0
H_Ayura,2023,Hidro,Antioquia,Water,0,0,0
H_Ayura,2024,Hidro,Antioquia,Water,0,0,0
H_Barrancas,2023,Hidro,Antioquia,Water,0,0,0
H_Barrancas,2024,Hidro,Antioquia,Water,0,0,0
H_Barroso,2023,Menores,Antioquia,RunofRiver,0,0,0
H_Barroso,2024,Menores,Antioquia,RunofRiver,0,0,0
H_Bayona,2023,Hidro,Surocciden,Water,0,0,0
H_Bayona,2024,Hidro,Surocciden,Water,0,0,0
H_Belmonte,2023,Hidro,Surocciden,Water,0,0,0
H_Belmonte,2024,Hidro,Surocciden,Water,0,0,0
H_CampestreC,2023,Hidro,Surocciden,Water,0,0,0
H_CampestreC,2024,Hidro,Surocciden,Water,0,0,0
H_Cantayus,2023,Hidro,Antioquia,Water,0,0,0
H_Cantayus,2024,Hidro,Antioquia,Water,0,0,0
H_Caracoli,2023,Hidro,Antioquia,Water,3.75,0,1.15612e+07
H_Caracoli,2024,Hidro,Antioquia,Water,0,0,0
H_Caruquia,2023,Menores,Antioquia,RunofRiver,0,0,0
H_Caruquia,2024,Menores,Antioquia,RunofRiver,0,0,0
H_Cascada,2023,Hidro,Nordeste,Water,0,0,0
H_Cascada,2024,Hidro,Nordeste,Water,0,0,0
H_CascadaAbe,2023,Hidro,Antioquia,Water,0,0,0
H_CascadaAbe,2024,Hidro,Antioquia,Water,0,0,0
H_CascadaAnt,2023,Hidro,Antioquia,Water,0,0,0
H_CascadaAnt,2024,Hidro,Antioquia,Water,0,0,0
H_CascadaGra,2023,Hidro,Antioquia,Water,2.09,0,6.44347e+06
H_CascadaGra,2024,Hidro,Antioquia,Water,0,0,0
H_Bello,2023,Hidro,Antioquia,Water,0,0,0
H_Bello,2024,Hidro,Antioquia,Water,0,0,0
H_Cauya,2023,Hidro,Surocciden,Water,0,0,0
H_Cauya,2024,Hidro,Surocciden,Water,0,0,0
H_Chorrera,2023,Hidro,Antioquia,Water,0,0,0
H_Chorrera,2024,Hidro,Antioquia,Water,0,0,0
H_PalmasSanGil,2023,Hidro,Nordeste,Water,0,0,0
H_PalmasSanGil,2024,Hidro,Nordeste,Water,0,0,0
H_Coconuco,2023,Hidro,Surocciden,Water,0,0,0
H_Coconuco,2024,Hidro,Surocciden,Water,0,0,0
H_Cocuyo,2023,Hidro,Surocciden,Water,0,0,0
H_Cocuyo,2024,Hidro,Surocciden,Water,0,0,0
H_Coello,2023,Hidro,Surocciden,Water,0,0,0
H_Coello,2024,Hidro,Surocciden,Water,0,0,0
H_Currucucue,2023,Hidro,Surocciden,Water,0,0,0
H_Currucucue,2024,Hidro,Surocciden,Water,0,0,0
H_ElBosque,2023,Hidro,Surocciden,Water,0,0,0
H_ElBosque,2024,Hidro,Surocciden,Water,0,0,0
H_ElEden,2023,Hidro,Surocciden,Water,0,0,0
H_ElEden,2024,Hidro,Surocciden,Water,0,0,0
H_ElLimonar,2023,Hidro,Oriental,Water,0,0,0
H_ElLimonar,2024,Hidro,Oriental,Water,0,0,0
H_LAGUNETA,2023,Hidro,Oriental,Water,0,0,0
H_LAGUNETA,2024,Hidro,Oriental,Water,0,0,0
H_ElMolino,2023,Hidro,Antioquia,Water,0,0,0
H_ElMolino,2024,Hidro,Antioquia,Water,0,0,0
H_ElPopal,2023,Menores,Antioquia,RunofRiver,0,0,0
H_ElPopal,2024,Menores,Antioquia,RunofRiver,0,0,0
H_Florida,2023,Hidro,Surocciden,Water,0,0,0
H_Florida,2024,Hidro,Surocciden,Water,0,0,0
H_Frisolera,2023,Hidro,Surocciden,Water,0,0,0
H_Frisolera,2024,Hidro,Surocciden,Water,0,0,0
H_Guacaica,2023,Hidro,Surocciden,Water,0,0,0
H_Guacaica,2024,Hidro,Surocciden,Water,0,0,0
H_Guanaquita,2023,Menores,Antioquia,RunofRiver,0,0,0
H_Guanaquita,2024,Menores,Antioquia,RunofRiver,0,0,0
H_Guaviomeno,2023,Hidro,Oriental,Water,0,0,0
H_Guaviomeno,2024,Hidro,Oriental,Water,0,0,0
H_Herradura,2023,Hidro,Antioquia,Water,0,0,0
H_Herradura,2024,Hidro,Antioquia,Water,0,0,0
H_Inza,2023,Hidro,Surocciden,Water,0,0,0
H_Inza,2024,Hidro,Surocciden,Water,0,0,0
H_IquiraI,2023,Hidro,Surocciden,Water,0,0,0
H_IquiraI,2024,Hidro,Surocciden,Water,0,0,0
H_IquiraII,2023,Hidro,Surocciden,Water,0,0,0
H_IquiraII,2024,Hidro,Surocciden,Water,0,0,0
H_JuanGarcia,2023,Hidro,Antioquia,Water,0,0,0
H_JuanGarcia,2024,Hidro,Antioquia,Water,0,0,0
H_La_Vuelta,2023,Hidro,Antioquia,Water,0,0,0
H_La_Vuelta,2024,Hidro,Antioquia,Water,0,0,0
H_LaPita,2023,Hidro,Surocciden,Water,0,0,0
H_LaPita,2024,Hidro,Surocciden,Water,0,0,0
H_LaRebusca,2023,Hidro,Antioquia,Water,0,0,0
H_LaRebusca,2024,Hidro,Antioquia,Water,0,0,0
H_LasPalmas,2023,Hidro,Antioquia,Water,0,0,0
H_LasPalmas,2024,Hidro,Antioquia,Water,0,0,0
H_Libertad,2023,Hidro,Nordeste,Water,0,0,0
H_Libertad,2024,Hidro,Nordeste,Water,0,0,0
H_LuzMaI,2023,Hidro,Antioquia,Water,0,0,0
H_LuzMaI,2024,Hidro,Antioquia,Water,0,0,0
H_LuzMaII,2023,Hidro,Antioquia,Water,0,0,0
H_LuzMaII,2024,Hidro,Antioquia,Water,0,0,0
H_Magallo,2023,Hidro,Antioquia,Water,0,0,0
H_Magallo,2024,Hidro,Antioquia,Water,0,0,0
H_Mirolindo,2023,Hidro,Surocciden,Water,0,0,0
H_Mirolindo,2024,Hidro,Surocciden,Water,0,0,0
H_Mondomo,2023,Hidro,Surocciden,Water,0,0,0
H_Mondomo,2024,Hidro,Surocciden,Water,0,0,0
H_Montanitas,2023,Menores,Antioquia,RunofRiver,0,0,0
H_Montanitas,2024,Menores,Antioquia,RunofRiver,0,0,0
H_MorroAzul,2023,Menores,Surocciden,RunofRiver,0,0,0
H_MorroAzul,2024,Menores,Surocciden,RunofRiver,0,0,0
H_Municipal,2023,Hidro,Surocciden,Water,0,0,0
H_Municipal,2024,Hidro,Surocciden,Water,0,0,0
H_Naveta,2023,Hidro,Oriental,Water,0,0,0
H_Naveta,2024,Hidro,Oriental,Water,0,0,0
H_Nima,2023,Hidro,Surocciden,Water,0,0,0
H_Nima,2024,Hidro,Surocciden,Water,0,0,0
H_Niquia,2023,Hidro,Antioquia,Water,0,0,0
H_Niquia,2024,Hidro,Antioquia,Water,0,0,0
H_Nuevoliba,2023,Hidro,Surocciden,Water,0,0,0
H_Nuevoliba,2024,Hidro,Surocciden,Water,0,0,0
H_Oibita,2023,Hidro,Nordeste,Water,19.9,0,6.13517e+07
H_Oibita,2024,Hidro,Nordeste,Water,0,0,0
H_Ovejas,2023,Hidro,Surocciden,Water,0,0,0
H_Ovejas,2024,Hidro,Surocciden,Water,0,0,0
H_Pajarito,2023,Hidro,Antioquia,Water,0,0,0
H_Pajarito,2024,Hidro,Antioquia,Water,0,0,0
H_Pastales,2023,Hidro,Surocciden,Water,0,0,0
H_Pastales,2024,Hidro,Surocciden,Water,0,0,0
H_PaticoCab,2023,Hidro,Surocciden,Water,0,0,0
H_PaticoCab,2024,Hidro,Surocciden,Water,0,0,0
H_Pocune,2023,Hidro,Antioquia,Water,0,0,0
H_Pocune,2024,Hidro,Antioquia,Water,0,0,0
H_Porce3Meno,2023,Hidro,Antioquia,Water,0,0,0
H_Porce3Meno,2024,Hidro,Antioquia,Water,0,0,0
H_ProvidencI,2023,Menores,Caribe,RunofRiver,0,0,0
H_ProvidencI,2024,Menores,Caribe,RunofRiver,0,0,0
H_Puente_Gui,2023,Hidro,Nordeste,Water,0,0,0
H_Puente_Gui,2024,Hidro,Nordeste,Water,0,0,0
H_Remedios,2023,Hidro,Antioquia,Water,0,0,0
H_Remedios,2024,Hidro,Antioquia,Water,0,0,0
H_Rio_Recio,2023,Hidro,Surocciden,Water,0,0,0
H_Rio_Recio,2024,Hidro,Surocciden,Water,0,0,0
H_RioBobo,2023,Hidro,Surocciden,Water,0,0,0
H_RioBobo,2024,Hidro,Surocciden,Water,0,0,0
H_RioCali,2023,Hidro,Surocciden,Water,0,0,0
H_RioCali,2024,Hidro,Surocciden,Water,0,0,0
H_RioFrioI,2023,Hidro,Surocciden,Water,0,0,0
H_RioFrioI,2024,Hidro,Surocciden,Water,0,0,0
H_RioFrioII,2023,Hidro,Surocciden,Water,0,0,0
H_RioFrioII,2024,Hidro,Surocciden,Water,0,0,0
H_RioFrioTam,2023,Hidro,Antioquia,Water,0,0,0
H_RioFrioTam,2024,Hidro,Antioquia,Water,0,0,0
H_RioGrande,2023,Hidro,Surocciden,Water,0,0,0
H_RioGrande,2024,Hidro,Surocciden,Water,0,0,0
H_RioMayo,2023,Hidro,Surocciden,Water,0,0,0
H_RioMayo,2024,Hidro,Surocciden,Water,0,0,0
H_RioMulato2,2023,Hidro,Antioquia,Water,0,0,0
H_RioMulato2,2024,Hidro,Antioquia,Water,0,0,0
H_RioNegro,2023,Hidro,Surocciden,Water,0,0,0
H_RioNegro,2024,Hidro,Surocciden,Water,0,0,0
H_RioPalo,2023,Hidro,Surocciden,Water,0,0,0
H_RioPalo,2024,Hidro,Surocciden,Water,0,0,0
H_RioPiedras,2023,Hidro,Antioquia,Water,0,0,0
H_RioPiedras,2024,Hidro,Antioquia,Water,0,0,0
H_RioSapuye,2023,Hidro,Surocciden,Water,0,0,0
H_RioSapuye,2024,Hidro,Surocciden,Water,0,0,0
H_Rumor,2023,Hidro,Surocciden,Water,0,0,0
H_Rumor,2024,Hidro,Surocciden,Water,0,0,0
H_Sajandi,2023,Hidro,Surocciden,Water,0,0,0
H_Sajandi,2024,Hidro,Surocciden,Water,0,0,0
H_SanAndres2,2023,Hidro,Antioquia,Water,0,0,0
H_SanAndres2,2024,Hidro,Antioquia,Water,0,0,0
H_SanCancio,2023,Hidro,Surocciden,Water,0,0,0
H_SanCancio,2024,Hidro,Surocciden,Water,0,0,0
H_SanJose,2023,Hidro,Surocciden,Water,0,0,0
H_SanJose,2024,Hidro,Surocciden,Water,0,0,0
H_SanJosMoII,2023,Hidro,Antioquia,Water,0,0,0
H_SanJosMoII,2024,Hidro,Antioquia,Water,0,0,0
H_SanMatias,2023,Hidro,Antioquia,Water,0,0,0
H_SanMatias,2024,Hidro,Antioquia,Water,0,0,0
H_SantaAna,2023,Hidro,Oriental,Water,0,0,0
H_SantaAna,2024,Hidro,Oriental,Water,0,0,0
H_SantaRita,2023,Hidro,Antioquia,Water,0,0,0
H_SantaRita,2024,Hidro,Antioquia,Water,0,0,0
H_Santiago,2023,Hidro,Antioquia,Water,0,0,0
H_Santiago,2024,Hidro,Antioquia,Water,0,0,0
H_SBartolome,2023,Hidro,Nordeste,Water,19.9,0,6.13517e+07
H_SBartolome,2024,Hidro,Nordeste,Water,0,0,0
H_SFrancisPu,2023,Hidro,Surocciden,Water,0,0,0
H_SFrancisPu,2024,Hidro,Surocciden,Water,0,0,0
H_Silvia,2023,Hidro,Surocciden,Water,0,0,0
H_Silvia,2024,Hidro,Surocciden,Water,0,0,0
H_Suba,2023,Hidro,Oriental,Water,0,0,0
H_Suba,2024,Hidro,Oriental,Water,0,0,0
H_Sueva2,2023,Hidro,Oriental,Water,0,0,0
H_Sueva2,2024,Hidro,Oriental,Water,0,0,0
H_TuluaAlto,2023,Menores,Surocciden,RunofRiver,0,0,0
H_TuluaAlto,2024,Menores,Surocciden,RunofRiver,0,0,0
H_TuluaBajo,2023,Menores,Surocciden,RunofRiver,0,0,0
H_TuluaBajo,2024,Menores,Surocciden,RunofRiver,0,0,0
H_Tunjita,2023,Hidro,Oriental,Water,0,0,0
H_Tunjita,2024,Hidro,Oriental,Water,0,0,0
H_Union,2023,Hidro,Surocciden,Water,0,0,0
H_Union,2024,Hidro,Surocciden,Water,0,0,0
H_Urrao,2023,Hidro,Antioquia,Water,0,0,0
H_Urrao,2024,Hidro,Antioquia,Water,0,0,0
H_Usaquen,2023,Hidro,Oriental,Water,0,0,0
H_Usaquen,2024,Hidro,Oriental,Water,0,0,0
H_AutGold,2023,Hidro,Antioquia,Water,0,0,0
H_AutGold,2024,Hidro,Antioquia,Water,0,0,0
H_VentanaA,2023,Hidro,Surocciden,Water,0,0,0
H_VentanaA,2024,Hidro,Surocciden,Water,0,0,0
H_VentanaB,2023,Hidro,Surocciden,Water,0,0,0
H_VentanaB,2024,Hidro,Surocciden,Water,0,0,0
H_Violetas,2023,Hidro,Antioquia,Water,0,0,0
H_Violetas,2024,Hidro,Antioquia,Water,0,0,0
H_Zeus,2023,Hidro,Antioquia,Water,0,0,0
H_Zeus,2024,Hidro,Antioquia,Water,0,0,0
INSULA,2023,Hidro,Surocciden,Water,0,0,0
INSULA,2024,Hidro,Surocciden,Water,0,0,0
ITUANGO,2023,Hidro,Antioquia,Water,0,0,0
ITUANGO,2024,Hidro,Antioquia,Water,0,0,0
H_PAGUA,2023,Hidro,Surocciden,Water,0,0,0
H_PAGUA,2024,Hidro,Surocciden,Water,0,0,0
H_GUATRON,2023,Hidro,Antioquia,Water,0,0,0
H_GUATRON,2024,Hidro,Antioquia,Water,0,0,0
H_ALBAN,2023,Hidro,Surocciden,Water,0,0,0
H_ALBAN,2024,Hidro,Surocciden,Water,0,0,0
S_Dulima,2023,pv_solar,Surocciden,Solar,21.9,0,2.90613e+07
S_Dulima,2024,pv_solar,Surocciden,Solar,0,0,0
S_Cauca,2023,pv_solar,Surocciden,Solar,0,0,0
S_Cauca,2024,pv_solar,Surocciden,Solar,0,0,0
S_Ferch2,2023,pv_solar,Nordeste,Solar,0,0,0
S_Ferch2,2024,pv_solar,Nordeste,Solar,0,0,0
S_Salado,2023,pv_solar,Surocciden,Solar,0.1,0,132700
S_Salado,2024,pv_solar,Surocciden,Solar,0,0,0
S_AutJeans,2023,pv_solar,Antioquia,Solar,1.39,0,1.84453e+06
S_AutJeans,2024,pv_solar,Antioquia,Solar,0,0,0
S_AutPintuco,2023,pv_solar,Antioquia,Solar,1.41,0,1.87107e+06
S_AutPintuco,2024,pv_solar,Antioquia,Solar,0,0,0
S_Palmira3,2023,pv_solar,Surocciden,Solar,7.4,0,9.8198e+06
S_Palmira3,2024,pv_solar,Surocciden,Solar,0,0,0
S_Belmonte,2023,pv_solar,Surocciden,Solar,0,0,0
S_Belmonte,2024,pv_solar,Surocciden,Solar,0,0,0
S_Termotasajero,2023,pv_solar,Nordeste,Solar,0,0,0
S_Termotasajero,2024,pv_solar,Nordeste,Solar,0,0,0
S_Victoria_I,2023,pv_solar,Surocciden,Solar,21.9,0,2.90613e+07
S_Victoria_I,2024,pv_solar,Surocciden,Solar,0,0,0
S_Victoria_II,2023,pv_solar,Surocciden,Solar,21.9,0,2.90613e+07
S_Victoria_II,2024,pv_solar,Surocciden,Solar,0,0,0
S_Flandes,2023,pv_solar,Surocciden,Solar,21.9,0,2.90613e+07
S_Flandes,2024,pv_solar,Surocciden,Solar,0,0,0
S_BSLI,2023,pv_solar,Oriental,Solar,0,0,0
S_BSLI,2024,pv_solar,Oriental,Solar,0,0,0
S_BSLII,2023,pv_solar,Oriental,Solar,0,0,0
S_BSLII,2024,pv_solar,Oriental,Solar,0,0,0
S_BSLIII,2023,pv_solar,Oriental,Solar,0,0,0
S_BSLIII,2024,pv_solar,Oriental,Solar,0,0,0
S_Espinal,2023,pv_solar,Antioquia,Solar,0,0,0
S_Espinal,2024,pv_solar,Antioquia,Solar,0,0,0
JAGUAS,2023,Hidro,Antioquia,Water,0,0,0
JAGUAS,2024,Hidro,Antioquia,Water,0,0,0
LA TASAJERA,2023,Hidro,Antioquia,Water,0,0,0
LA TASAJERA,2024,Hidro,Antioquia,Water,0,0,0
MERILECTRICA,2023,Thermal,Nordeste,GASNACIO,0,0,0
MERILECTRICA,2024,Thermal,Nordeste,GASNACIO,0,0,0
MIEL I,2023,Hidro,Surocciden,Water,0,0,0
MIEL I,2024,Hidro,Surocciden,Water,0,0,0
PAIPA 1,2023,Thermal,Nordeste,CARBON,0,0,0
PAIPA 1,2024,Thermal,Nordeste,CARBON,0,0,0
PAIPA 2,2023,Thermal,Nordeste,CARBON,0,0,0
PAIPA 2,2024,Thermal,Nordeste,CARBON,0,0,0
PAIPA 3,2023,Thermal,Nordeste,CARBON,0,0,0
PAIPA 3,2024,Thermal,Nordeste,CARBON,0,0,0
PAIPA 4,2023,Thermal,Nordeste,CARBON,0,0,0
PAIPA 4,2024,Thermal,Nordeste,CARBON,0,0,0
PLAYAS,2023,Hidro,Antioquia,Water,0,0,0
PLAYAS,2024,Hidro,Antioquia,Water,0,0,0
PORCE II,2023,Hidro,Antioquia,Water,0,0,0
PORCE II,2024,Hidro,Antioquia,Water,0,0,0
PORCE III,2023,Hidro,Antioquia,Water,0,0,0
PORCE III,2024,Hidro,Antioquia,Water,0,0,0
PRADO,2023,Hidro,Surocciden,Water,0,0,0
PRADO,2024,Hidro,Surocciden,Water,0,0,0
PRADO4,2023,Hidro,Surocciden,Water,0,0,0
PRADO4,2024,Hidro,Surocciden,Water,0,0,0
PROELECTRIC1,2023,Thermal,Caribe,GASNACIO,0,0,0
PROELECTRIC1,2024,Thermal,Caribe,GASNACIO,0,0,0
PROELECTRIC2,2023,Thermal,Caribe,GASNACIO,0,0,0
PROELECTRIC2,2024,Thermal,Caribe,GASNACIO,0,0,0
RIOGRANDE 1,2023,Hidro,Antioquia,Water,0,0,0
RIOGRANDE 1,2024,Hidro,Antioquia,Water,0,0,0
SALTO II,2023,Hidro,Oriental,Water,0,0,0
SALTO II,2024,Hidro,Oriental,Water,0,0,0
SALVAJINA,2023,Hidro,Surocciden,Water,0,0,0
SALVAJINA,2024,Hidro,Surocciden,Water,0,0,0
SAN CARLOS,2023,Hidro,Antioquia,Water,0,0,0
SAN CARLOS,2024,Hidro,Antioquia,Water,0,0,0
SANFRANCISCO,2023,Hidro,Surocciden,Water,0,0,0
SANFRANCISCO,2024,Hidro,Surocciden,Water,0,0,0
SNMIGUEL,2023,Hidro,Antioquia,Water,0,0,0
SNMIGUEL,2024,Hidro,Antioquia,Water,0,0,0
SOGAMOSO,2023,Hidro,Nordeste,Water,0,0,0
SOGAMOSO,2024,Hidro,Nordeste,Water,0,0,0
T_AutArCairo,2023,Thermal,Antioquia,CARBON,0,0,0
T_AutArCairo,2024,Thermal,Antioquia,CARBON,0,0,0
T_TermYopal1,2023,Thermal,Nordeste,CARBON,0,0,0
T_TermYopal1,2024,Thermal,Nordeste,CARBON,0,0,0
TASAJERO 1,2023,Thermal,Nordeste,CARBON,0,0,0
TASAJERO 1,2024,Thermal,Nordeste,CARBON,0,0,0
TASAJERO 2,2023,Thermal,Nordeste,CARBON,0,0,0
TASAJERO 2,2024,Thermal,Nordeste,CARBON,0,0,0
TC_GECELCA3,2023,Thermal,Caribe,CARBON,0,0,0
TC_GECELCA3,2024,Thermal,Caribe,CARBON,0,0,0
TC_GECELCA32,2023,Thermal,Caribe,CARBON,0,0,0
TC_GECELCA32,2024,Thermal,Caribe,CARBON,0,0,0
TEBSAB,2023,Thermal,Caribe,GASNACIO,0,0,0
TEBSAB,2024,Thermal,Caribe,GASNACIO,0,0,0
TEQUEND1-4,2023,Hidro,Oriental,Water,0,0,0
TEQUEND1-4,2024,Hidro,Oriental,Water,0,0,0
TERMO YOPAL2,2023,Thermal,Nordeste,GASNACIO,0,0,0
TERMO YOPAL2,2024,Thermal,Nordeste,GASNACIO,0,0,0
TERMOCENTRO,2023,Thermal,Antioquia,GASNACIO,0,0,0
TERMOCENTRO,2024,Thermal,Antioquia,GASNACIO,0,0,0
TERMODORADA1,2023,Thermal,Surocciden,ACPM,0,0,0
TERMODORADA1,2024,Thermal,Surocciden,ACPM,0,0,0
TERMOEMCALI,2023,Thermal,Surocciden,ACPM,0,0,0
TERMOEMCALI,2024,Thermal,Surocciden,ACPM,0,0,0
TERMONORTE,2023,Thermal,Caribe,ACPM,0,0,0
TERMONORTE,2024,Thermal,Caribe,ACPM,0,0,0
TERMOSIERRA,2023,Thermal,Antioquia,ACPM,0,0,0
TERMOSIERRA,2024,Thermal,Antioquia,ACPM,0,0,0
TERMOVALLE,2023,Thermal,Surocciden,ACPM,0,0,0
TERMOVALLE,2024,Thermal,Surocciden,ACPM,0,0,0
TERMOYOPALG3,2023,Thermal,Nordeste,GASNACIO,0,0,0
TERMOYOPALG3,2024,Thermal,Nordeste,GASNACIO,0,0,0
TERMOYOPALG4,2023,Thermal,Nordeste,GASNACIO,0,0,0
TERMOYOPALG4,2024,Thermal,Nordeste,GASNACIO,0,0,0
TERMOYOPALG5,2023,Thermal,Nordeste,GASNACIO,0,0,0
TERMOYOPALG5,2024,Thermal,Nordeste,GASNACIO,0,0,0
URRA,2023,Hidro,Caribe,Water,0,0,0
URRA,2024,Hidro,Caribe,Water,0,0,0
ZIPAEMG2,2023,Thermal,Oriental,CARBON,0,0,0
ZIPAEMG2,2024,Thermal,Oriental,CARBON,0,0,0
ZIPAEMG3,2023,Thermal,Oriental,CARBON,0,0,0
ZIPAEMG3,2024,Thermal,Oriental,CARBON,0,0,0
ZIPAEMG4,2023,Thermal,Oriental,CARBON,0,0,0
ZIPAEMG4,2024,Thermal,Oriental,CARBON,0,0,0
ZIPAEMG5,2023,Thermal,Oriental,CARBON,0,0,0
ZIPAEMG5,2024,Thermal,Oriental,CARBON,0,0,0
E_Wesp01,2023,Eolica,Caribe,Wind,0,0,0
E_Wesp01,2024,Eolica,Caribe,Wind,0,0,0
E_GuajiraI,2023,Eolica,Caribe,Wind,20,0,3.436e+07
E_GuajiraI,2024,Eolica,Caribe,Wind,0,0,0
S_Cabelleros,2023,pv_solar,Surocciden,Solar,0,0,0
S_Cabelleros,2024,pv_solar,Surocciden,Solar,0,0,0
S_Montelibano,2023,pv_solar,Caribe,Solar,0,0,0
S_Montelibano,2024,pv_solar,Caribe,Solar,0,0,0
S_Lanceros,2023,pv_solar,Oriental,Solar,9.1,0,1.20757e+07
S_Lanceros,2024,pv_solar,Oriental,Solar,0,0,0
S_SanFelipe,2023,pv_solar,Oriental,Solar,9.1,0,1.20757e+07
S_SanFelipe,2024,pv_solar,Oriental,Solar,0,0,0
S_Cienaguero,2023,pv_solar,Caribe,Solar,9,0,1.1943e+07
S_Cienaguero,2024,pv_solar,Caribe,Solar,0,0,0
S_Yuma,2023,pv_solar,Oriental,Solar,9.1,0,1.20757e+07
S_Yuma,2024,pv_solar,Oriental,Solar,0,0,0
S_Tucanes,2023,pv_solar,Caribe,Solar,0,0,0
S_Tucanes,2024,pv_solar,Caribe,Solar,0,0,0
S_Paila,2023,pv_solar,Surocciden,Solar,0,0,0
S_Paila,2024,pv_solar,Surocciden,Solar,0,0,0
S_Aurora,2023,pv_solar,Caribe,Solar,0,0,0
S_Aurora,2024,pv_solar,Caribe,Solar,0,0,0
S_Cerrito,2023,pv_solar,Surocciden,Solar,0,0,0
S_Cerrito,2024,pv_solar,Surocciden,Solar,0,0,0
S_Fundacion,2023,pv_solar,Caribe,Solar,100,0,1.327e+08
S_Fundacion,2024,pv_solar,Caribe,Solar,0,0,0
S_Girasoles,2023,pv_solar,Nordeste,Solar,9.5,0,1.26065e+07
S_Girasoles,2024,pv_solar,Nordeste,Solar,0,0,0
S_Medin,2023,pv_solar,Surocciden,Solar,0,0,0
S_Medin,2024,pv_solar,Surocciden,Solar,0,0,0
S_PetaCesaII,2023,pv_solar,Nordeste,Solar,9.9,0,1.31373e+07
S_PetaCesaII,2024,pv_solar,Nordeste,Solar,0,0,0
S_BayuncaI,2023,pv_solar,Caribe,Solar,0,0,0
S_BayuncaI,2024,pv_solar,Caribe,Solar,0,0,0
S_Palmira3_Franca,2023,pv_solar,Surocciden,Solar,2.9,0,3.8483e+06
S_Palmira3_Franca,2024,pv_solar,Surocciden,Solar,0,0,0
S_SalvadorI,2023,pv_solar,Antioquia,Solar,0.01,0,13270
S_SalvadorI,2024,pv_solar,Antioquia,Solar,0,0,0
S_SalvadorII,2023,pv_solar,Antioquia,Solar,0,0,0
S_SalvadorII,2024,pv_solar,Antioquia,Solar,0,0,0
S_AutSolla,2023,pv_solar,Surocciden,Solar,6.4,0,8.4928e+06
S_AutSolla,2024,pv_solar,Surocciden,Solar,0,0,0
S_AutEncanto,2023,pv_solar,Caribe,Solar,0.99,0,1.31373e+06
S_AutEncanto,2024,pv_solar,Caribe,Solar,0,0,0
S_Uruaco,2023,pv_solar,Caribe,Solar,1,0,1.327e+06
S_Uruaco,2024,pv_solar,Caribe,Solar,0,0,0
S_Harinas,2023,pv_solar,Surocciden,Solar,0,0,0
S_Harinas,2024,pv_solar,Surocciden,Solar,0,0,0
S_AutLevapan,2023,pv_solar,Surocciden,Solar,0,0,0
S_AutLevapan,2024,pv_solar,Surocciden,Solar,0,0,0
S_AutGragas,2023,pv_solar,Surocciden,Solar,4,0,5.308e+06
S_AutGragas,2024,pv_solar,Surocciden,Solar,0,0,0
S_Carmelo,2023,pv_solar,Surocciden,Solar,0,0,0
S_Carmelo,2024,pv_solar,Surocciden,Solar,0,0,0
S_PortonSol,2023,pv_solar,Antioquia,Solar,102,0,1.35354e+08
S_PortonSol,2024,pv_solar,Antioquia,Solar,0,0,0
S_Sierpe,2023,pv_solar,Caribe,Solar,0,0,0
S_Sierpe,2024,pv_solar,Caribe,Solar,0,0,0
S_Since,2023,pv_solar,Oriental,Solar,0,0,0
S_Since,2024,pv_solar,Oriental,Solar,0,0,0
S_HeliosI,2023,pv_solar,Caribe,Solar,0,0,0
S_HeliosI,2024,pv_solar,Caribe,Solar,0,0,0
S_SolBolivar,2023,pv_solar,Caribe,Solar,0,0,0
S_SolBolivar,2024,pv_solar,Caribe,Solar,0,0,0
S_Yumbo,2023,pv_solar,Surocciden,Solar,0,0,0
S_Yumbo,2024,pv_solar,Surocciden,Solar,0,0,0
S_TierraLind,2023,pv_solar,Caribe,Solar,9.9,0,1.31373e+07
S_TierraLind,2024,pv_solar,Caribe,Solar,0,0,0
S_Tolua,2023,pv_solar,Caribe,Solar,19.9,0,2.64073e+07
S_Tolua,2024,pv_solar,Caribe,Solar,0,0,0
S_BSLlanos4,2023,pv_solar,Oriental,Solar,0,0,0
S_BSLlanos4,2024,pv_solar,Oriental,Solar,0,0,0
S_BSLlanos5,2023,pv_solar,Oriental,Solar,0,0,0
S_BSLlanos5,2024,pv_solar,Oriental,Solar,0,0,0
S_LaLoma,2024,pv_solar,Caribe,Solar,150,0,1.9905e+08
S_ParqueUrra,2024,pv_solar,Caribe,Solar,19.9,0,2.64073e+07
S_CaracoliI,2024,pv_solar,Caribe,Solar,50,0,6.635e+07
S_Tepuy,2024,pv_solar,Surocciden,Solar,83,0,1.10141e+08
S_El_Paso,2023,pv_solar,Caribe,Solar,68,0,9.0236e+07
S_El_Paso,2024,pv_solar,Caribe,Solar,0,0,0
S_LaMata,2024,pv_solar,Nordeste,Solar,80,0,1.0616e+08
S_Union,2024,pv_solar,Caribe,Solar,100,0,1.327e+08
S_Nabusimake,2024,pv_solar,Caribe,Solar,100,0,1.327e+08
S_Guayepo,2024,pv_solar,Caribe,Solar,370,0,4.9099e+08
S_Sunnorte,2024,pv_solar,Nordeste,Solar,35,0,4.6445e+07
TermoCaribe3,2024,Thermal,Caribe,GASIMPOR,52,0,6.7964e+07
DST_Surocciden,2024,pv_solar,Surocciden,Solar,27.8566,0,3.72241e+07
DST_Caribe,2024,pv_solar,Caribe,Solar,25.8855,0,3.45901e+07
DST_Oriental,2024,pv_solar,Oriental,Solar,15.2858,0,2.0426e+07
DST_Antioquia,2024,pv_solar,Antioquia,Solar,13.389,0,1.78914e+07
DST_Nordeste,2024,pv_solar,Nordeste,Solar,9.58308,0,1.28056e+07
