HYDRO_GEN_TS_1,HYDRO_GEN_TS_2,Relax_Enforce_Hydro_Avg_Flow_down
AMOYA,2023_Q1_labor,0.0
AMOYA,2023_Q1_holidays,0.0
AMOYA,2023_Q2_labor,0.0
AMOYA,2023_Q2_holidays,0.0
AMOYA,2023_Q3_labor,0.0
AMOYA,2023_Q3_holidays,0.0
AMOYA,2023_Q4_labor,0.0
AMOYA,2023_Q4_holidays,0.0
AMOYA,2024_Q1_labor,0.0
AMOYA,2024_Q1_holidays,0.0
AMOYA,2024_Q2_labor,0.0
AMOYA,2024_Q2_holidays,0.0
AMOYA,2024_Q3_labor,0.0
AMOYA,2024_Q3_holidays,0.0
AMOYA,2024_Q4_labor,0.0
AMOYA,2024_Q4_holidays,0.0
BETANIA,2023_Q1_labor,0.0
BETANIA,2023_Q1_holidays,0.0
BETANIA,2023_Q2_labor,0.0
BETANIA,2023_Q2_holidays,0.0
BETANIA,2023_Q3_labor,0.0
BETANIA,2023_Q3_holidays,0.0
BETANIA,2023_Q4_labor,0.0
BETANIA,2023_Q4_holidays,0.0
BETANIA,2024_Q1_labor,0.0
BETANIA,2024_Q1_holidays,0.0
BETANIA,2024_Q2_labor,0.0
BETANIA,2024_Q2_holidays,0.0
BETANIA,2024_Q3_labor,0.0
BETANIA,2024_Q3_holidays,0.0
BETANIA,2024_Q4_labor,0.0
BETANIA,2024_Q4_holidays,0.0
CALDERAS,2023_Q1_labor,0.0
CALDERAS,2023_Q1_holidays,0.0
CALDERAS,2023_Q2_labor,0.0
CALDERAS,2023_Q2_holidays,0.0
CALDERAS,2023_Q3_labor,0.0
CALDERAS,2023_Q3_holidays,0.0
CALDERAS,2023_Q4_labor,0.0
CALDERAS,2023_Q4_holidays,0.0
CALDERAS,2024_Q1_labor,0.0
CALDERAS,2024_Q1_holidays,0.0
CALDERAS,2024_Q2_labor,0.0
CALDERAS,2024_Q2_holidays,0.0
CALDERAS,2024_Q3_labor,0.0
CALDERAS,2024_Q3_holidays,0.0
CALDERAS,2024_Q4_labor,0.0
CALDERAS,2024_Q4_holidays,0.0
CALIMA,2023_Q1_labor,0.0
CALIMA,2023_Q1_holidays,0.0
CALIMA,2023_Q2_labor,0.0
CALIMA,2023_Q2_holidays,0.0
CALIMA,2023_Q3_labor,0.0
CALIMA,2023_Q3_holidays,0.0
CALIMA,2023_Q4_labor,0.0
CALIMA,2023_Q4_holidays,0.0
CALIMA,2024_Q1_labor,0.0
CALIMA,2024_Q1_holidays,0.0
CALIMA,2024_Q2_labor,0.0
CALIMA,2024_Q2_holidays,0.0
CALIMA,2024_Q3_labor,0.0
CALIMA,2024_Q3_holidays,0.0
CALIMA,2024_Q4_labor,0.0
CALIMA,2024_Q4_holidays,0.0
CHARQUITO,2023_Q1_labor,0.0
CHARQUITO,2023_Q1_holidays,0.0
CHARQUITO,2023_Q2_labor,0.0
CHARQUITO,2023_Q2_holidays,0.0
CHARQUITO,2023_Q3_labor,0.0
CHARQUITO,2023_Q3_holidays,0.0
CHARQUITO,2023_Q4_labor,0.0
CHARQUITO,2023_Q4_holidays,0.0
CHARQUITO,2024_Q1_labor,0.0
CHARQUITO,2024_Q1_holidays,0.0
CHARQUITO,2024_Q2_labor,0.0
CHARQUITO,2024_Q2_holidays,0.0
CHARQUITO,2024_Q3_labor,0.0
CHARQUITO,2024_Q3_holidays,0.0
CHARQUITO,2024_Q4_labor,0.0
CHARQUITO,2024_Q4_holidays,0.0
CHIVOR,2023_Q1_labor,0.0
CHIVOR,2023_Q1_holidays,0.0
CHIVOR,2023_Q2_labor,0.0
CHIVOR,2023_Q2_holidays,0.0
CHIVOR,2023_Q3_labor,0.0
CHIVOR,2023_Q3_holidays,0.0
CHIVOR,2023_Q4_labor,0.0
CHIVOR,2023_Q4_holidays,0.0
CHIVOR,2024_Q1_labor,0.0
CHIVOR,2024_Q1_holidays,0.0
CHIVOR,2024_Q2_labor,0.0
CHIVOR,2024_Q2_holidays,0.0
CHIVOR,2024_Q3_labor,0.0
CHIVOR,2024_Q3_holidays,0.0
CHIVOR,2024_Q4_labor,0.0
CHIVOR,2024_Q4_holidays,0.0
CUCUANA,2023_Q1_labor,0.0
CUCUANA,2023_Q1_holidays,0.0
CUCUANA,2023_Q2_labor,0.0
CUCUANA,2023_Q2_holidays,0.0
CUCUANA,2023_Q3_labor,0.0
CUCUANA,2023_Q3_holidays,0.0
CUCUANA,2023_Q4_labor,0.0
CUCUANA,2023_Q4_holidays,0.0
CUCUANA,2024_Q1_labor,0.0
CUCUANA,2024_Q1_holidays,0.0
CUCUANA,2024_Q2_labor,0.0
CUCUANA,2024_Q2_holidays,0.0
CUCUANA,2024_Q3_labor,0.0
CUCUANA,2024_Q3_holidays,0.0
CUCUANA,2024_Q4_labor,0.0
CUCUANA,2024_Q4_holidays,0.0
C_LLERAS_R,2023_Q1_labor,0.0
C_LLERAS_R,2023_Q1_holidays,0.0
C_LLERAS_R,2023_Q2_labor,0.0
C_LLERAS_R,2023_Q2_holidays,0.0
C_LLERAS_R,2023_Q3_labor,0.0
C_LLERAS_R,2023_Q3_holidays,0.0
C_LLERAS_R,2023_Q4_labor,0.0
C_LLERAS_R,2023_Q4_holidays,0.0
C_LLERAS_R,2024_Q1_labor,0.0
C_LLERAS_R,2024_Q1_holidays,0.0
C_LLERAS_R,2024_Q2_labor,0.0
C_LLERAS_R,2024_Q2_holidays,0.0
C_LLERAS_R,2024_Q3_labor,0.0
C_LLERAS_R,2024_Q3_holidays,0.0
C_LLERAS_R,2024_Q4_labor,0.0
C_LLERAS_R,2024_Q4_holidays,0.0
DARIO VALENC,2023_Q1_labor,0.0
DARIO VALENC,2023_Q1_holidays,0.0
DARIO VALENC,2023_Q2_labor,0.0
DARIO VALENC,2023_Q2_holidays,0.0
DARIO VALENC,2023_Q3_labor,0.0
DARIO VALENC,2023_Q3_holidays,0.0
DARIO VALENC,2023_Q4_labor,0.0
DARIO VALENC,2023_Q4_holidays,0.0
DARIO VALENC,2024_Q1_labor,0.0
DARIO VALENC,2024_Q1_holidays,0.0
DARIO VALENC,2024_Q2_labor,0.0
DARIO VALENC,2024_Q2_holidays,0.0
DARIO VALENC,2024_Q3_labor,0.0
DARIO VALENC,2024_Q3_holidays,0.0
DARIO VALENC,2024_Q4_labor,0.0
DARIO VALENC,2024_Q4_holidays,0.0
EL QUIMBO,2023_Q1_labor,0.0
EL QUIMBO,2023_Q1_holidays,0.0
EL QUIMBO,2023_Q2_labor,0.0
EL QUIMBO,2023_Q2_holidays,0.0
EL QUIMBO,2023_Q3_labor,0.0
EL QUIMBO,2023_Q3_holidays,0.0
EL QUIMBO,2023_Q4_labor,0.0
EL QUIMBO,2023_Q4_holidays,0.0
EL QUIMBO,2024_Q1_labor,0.0
EL QUIMBO,2024_Q1_holidays,0.0
EL QUIMBO,2024_Q2_labor,0.0
EL QUIMBO,2024_Q2_holidays,0.0
EL QUIMBO,2024_Q3_labor,0.0
EL QUIMBO,2024_Q3_holidays,0.0
EL QUIMBO,2024_Q4_labor,0.0
EL QUIMBO,2024_Q4_holidays,0.0
ESCUELAMINAS,2023_Q1_labor,0.0
ESCUELAMINAS,2023_Q1_holidays,0.0
ESCUELAMINAS,2023_Q2_labor,0.0
ESCUELAMINAS,2023_Q2_holidays,0.0
ESCUELAMINAS,2023_Q3_labor,0.0
ESCUELAMINAS,2023_Q3_holidays,0.0
ESCUELAMINAS,2023_Q4_labor,0.0
ESCUELAMINAS,2023_Q4_holidays,0.0
ESCUELAMINAS,2024_Q1_labor,0.0
ESCUELAMINAS,2024_Q1_holidays,0.0
ESCUELAMINAS,2024_Q2_labor,0.0
ESCUELAMINAS,2024_Q2_holidays,0.0
ESCUELAMINAS,2024_Q3_labor,0.0
ESCUELAMINAS,2024_Q3_holidays,0.0
ESCUELAMINAS,2024_Q4_labor,0.0
ESCUELAMINAS,2024_Q4_holidays,0.0
ESMERALDA,2023_Q1_labor,0.0
ESMERALDA,2023_Q1_holidays,0.0
ESMERALDA,2023_Q2_labor,0.0
ESMERALDA,2023_Q2_holidays,0.0
ESMERALDA,2023_Q3_labor,0.0
ESMERALDA,2023_Q3_holidays,0.0
ESMERALDA,2023_Q4_labor,0.0
ESMERALDA,2023_Q4_holidays,0.0
ESMERALDA,2024_Q1_labor,0.0
ESMERALDA,2024_Q1_holidays,0.0
ESMERALDA,2024_Q2_labor,0.0
ESMERALDA,2024_Q2_holidays,0.0
ESMERALDA,2024_Q3_labor,0.0
ESMERALDA,2024_Q3_holidays,0.0
ESMERALDA,2024_Q4_labor,0.0
ESMERALDA,2024_Q4_holidays,0.0
GUATAPE,2023_Q1_labor,0.0
GUATAPE,2023_Q1_holidays,0.0
GUATAPE,2023_Q2_labor,0.0
GUATAPE,2023_Q2_holidays,0.0
GUATAPE,2023_Q3_labor,0.0
GUATAPE,2023_Q3_holidays,0.0
GUATAPE,2023_Q4_labor,0.0
GUATAPE,2023_Q4_holidays,0.0
GUATAPE,2024_Q1_labor,0.0
GUATAPE,2024_Q1_holidays,0.0
GUATAPE,2024_Q2_labor,0.0
GUATAPE,2024_Q2_holidays,0.0
GUATAPE,2024_Q3_labor,0.0
GUATAPE,2024_Q3_holidays,0.0
GUATAPE,2024_Q4_labor,0.0
GUATAPE,2024_Q4_holidays,0.0
GUAVIO,2023_Q1_labor,0.0
GUAVIO,2023_Q1_holidays,0.0
GUAVIO,2023_Q2_labor,0.0
GUAVIO,2023_Q2_holidays,0.0
GUAVIO,2023_Q3_labor,0.0
GUAVIO,2023_Q3_holidays,0.0
GUAVIO,2023_Q4_labor,0.0
GUAVIO,2023_Q4_holidays,0.0
GUAVIO,2024_Q1_labor,0.0
GUAVIO,2024_Q1_holidays,0.0
GUAVIO,2024_Q2_labor,0.0
GUAVIO,2024_Q2_holidays,0.0
GUAVIO,2024_Q3_labor,0.0
GUAVIO,2024_Q3_holidays,0.0
GUAVIO,2024_Q4_labor,0.0
GUAVIO,2024_Q4_holidays,0.0
H_ALBAN,2023_Q1_labor,0.0
H_ALBAN,2023_Q1_holidays,0.0
H_ALBAN,2023_Q2_labor,0.0
H_ALBAN,2023_Q2_holidays,0.0
H_ALBAN,2023_Q3_labor,0.0
H_ALBAN,2023_Q3_holidays,0.0
H_ALBAN,2023_Q4_labor,0.0
H_ALBAN,2023_Q4_holidays,0.0
H_ALBAN,2024_Q1_labor,0.0
H_ALBAN,2024_Q1_holidays,0.0
H_ALBAN,2024_Q2_labor,0.0
H_ALBAN,2024_Q2_holidays,0.0
H_ALBAN,2024_Q3_labor,0.0
H_ALBAN,2024_Q3_holidays,0.0
H_ALBAN,2024_Q4_labor,0.0
H_ALBAN,2024_Q4_holidays,0.0
H_Amalfi,2023_Q1_labor,0.0
H_Amalfi,2023_Q1_holidays,0.0
H_Amalfi,2023_Q2_labor,0.0
H_Amalfi,2023_Q2_holidays,0.0
H_Amalfi,2023_Q3_labor,0.0
H_Amalfi,2023_Q3_holidays,0.0
H_Amalfi,2023_Q4_labor,0.0
H_Amalfi,2023_Q4_holidays,0.0
H_Amalfi,2024_Q1_labor,0.0
H_Amalfi,2024_Q1_holidays,0.0
H_Amalfi,2024_Q2_labor,0.0
H_Amalfi,2024_Q2_holidays,0.0
H_Amalfi,2024_Q3_labor,0.0
H_Amalfi,2024_Q3_holidays,0.0
H_Amalfi,2024_Q4_labor,0.0
H_Amalfi,2024_Q4_holidays,0.0
H_America,2023_Q1_labor,0.0
H_America,2023_Q1_holidays,0.0
H_America,2023_Q2_labor,0.0
H_America,2023_Q2_holidays,0.0
H_America,2023_Q3_labor,0.0
H_America,2023_Q3_holidays,0.0
H_America,2023_Q4_labor,0.0
H_America,2023_Q4_holidays,0.0
H_America,2024_Q1_labor,0.0
H_America,2024_Q1_holidays,0.0
H_America,2024_Q2_labor,0.0
H_America,2024_Q2_holidays,0.0
H_America,2024_Q3_labor,0.0
H_America,2024_Q3_holidays,0.0
H_America,2024_Q4_labor,0.0
H_America,2024_Q4_holidays,0.0
H_Asnazu,2023_Q1_labor,0.0
H_Asnazu,2023_Q1_holidays,0.0
H_Asnazu,2023_Q2_labor,0.0
H_Asnazu,2023_Q2_holidays,0.0
H_Asnazu,2023_Q3_labor,0.0
H_Asnazu,2023_Q3_holidays,0.0
H_Asnazu,2023_Q4_labor,0.0
H_Asnazu,2023_Q4_holidays,0.0
H_Asnazu,2024_Q1_labor,0.0
H_Asnazu,2024_Q1_holidays,0.0
H_Asnazu,2024_Q2_labor,0.0
H_Asnazu,2024_Q2_holidays,0.0
H_Asnazu,2024_Q3_labor,0.0
H_Asnazu,2024_Q3_holidays,0.0
H_Asnazu,2024_Q4_labor,0.0
H_Asnazu,2024_Q4_holidays,0.0
H_AuresBajo,2023_Q1_labor,0.0
H_AuresBajo,2023_Q1_holidays,0.0
H_AuresBajo,2023_Q2_labor,0.0
H_AuresBajo,2023_Q2_holidays,0.0
H_AuresBajo,2023_Q3_labor,0.0
H_AuresBajo,2023_Q3_holidays,0.0
H_AuresBajo,2023_Q4_labor,0.0
H_AuresBajo,2023_Q4_holidays,0.0
H_AuresBajo,2024_Q1_labor,0.0
H_AuresBajo,2024_Q1_holidays,0.0
H_AuresBajo,2024_Q2_labor,0.0
H_AuresBajo,2024_Q2_holidays,0.0
H_AuresBajo,2024_Q3_labor,0.0
H_AuresBajo,2024_Q3_holidays,0.0
H_AuresBajo,2024_Q4_labor,0.0
H_AuresBajo,2024_Q4_holidays,0.0
H_AutCemNare,2023_Q1_labor,0.0
H_AutCemNare,2023_Q1_holidays,0.0
H_AutCemNare,2023_Q2_labor,0.0
H_AutCemNare,2023_Q2_holidays,0.0
H_AutCemNare,2023_Q3_labor,0.0
H_AutCemNare,2023_Q3_holidays,0.0
H_AutCemNare,2023_Q4_labor,0.0
H_AutCemNare,2023_Q4_holidays,0.0
H_AutCemNare,2024_Q1_labor,0.0
H_AutCemNare,2024_Q1_holidays,0.0
H_AutCemNare,2024_Q2_labor,0.0
H_AutCemNare,2024_Q2_holidays,0.0
H_AutCemNare,2024_Q3_labor,0.0
H_AutCemNare,2024_Q3_holidays,0.0
H_AutCemNare,2024_Q4_labor,0.0
H_AutCemNare,2024_Q4_holidays,0.0
H_AutGold,2023_Q1_labor,0.0
H_AutGold,2023_Q1_holidays,0.0
H_AutGold,2023_Q2_labor,0.0
H_AutGold,2023_Q2_holidays,0.0
H_AutGold,2023_Q3_labor,0.0
H_AutGold,2023_Q3_holidays,0.0
H_AutGold,2023_Q4_labor,0.0
H_AutGold,2023_Q4_holidays,0.0
H_AutGold,2024_Q1_labor,0.0
H_AutGold,2024_Q1_holidays,0.0
H_AutGold,2024_Q2_labor,0.0
H_AutGold,2024_Q2_holidays,0.0
H_AutGold,2024_Q3_labor,0.0
H_AutGold,2024_Q3_holidays,0.0
H_AutGold,2024_Q4_labor,0.0
H_AutGold,2024_Q4_holidays,0.0
H_Ayura,2023_Q1_labor,0.0
H_Ayura,2023_Q1_holidays,0.0
H_Ayura,2023_Q2_labor,0.0
H_Ayura,2023_Q2_holidays,0.0
H_Ayura,2023_Q3_labor,0.0
H_Ayura,2023_Q3_holidays,0.0
H_Ayura,2023_Q4_labor,0.0
H_Ayura,2023_Q4_holidays,0.0
H_Ayura,2024_Q1_labor,0.0
H_Ayura,2024_Q1_holidays,0.0
H_Ayura,2024_Q2_labor,0.0
H_Ayura,2024_Q2_holidays,0.0
H_Ayura,2024_Q3_labor,0.0
H_Ayura,2024_Q3_holidays,0.0
H_Ayura,2024_Q4_labor,0.0
H_Ayura,2024_Q4_holidays,0.0
H_Barrancas,2023_Q1_labor,0.0
H_Barrancas,2023_Q1_holidays,0.0
H_Barrancas,2023_Q2_labor,0.0
H_Barrancas,2023_Q2_holidays,0.0
H_Barrancas,2023_Q3_labor,0.0
H_Barrancas,2023_Q3_holidays,0.0
H_Barrancas,2023_Q4_labor,0.0
H_Barrancas,2023_Q4_holidays,0.0
H_Barrancas,2024_Q1_labor,0.0
H_Barrancas,2024_Q1_holidays,0.0
H_Barrancas,2024_Q2_labor,0.0
H_Barrancas,2024_Q2_holidays,0.0
H_Barrancas,2024_Q3_labor,0.0
H_Barrancas,2024_Q3_holidays,0.0
H_Barrancas,2024_Q4_labor,0.0
H_Barrancas,2024_Q4_holidays,0.0
H_Bayona,2023_Q1_labor,0.0
H_Bayona,2023_Q1_holidays,0.0
H_Bayona,2023_Q2_labor,0.0
H_Bayona,2023_Q2_holidays,0.0
H_Bayona,2023_Q3_labor,0.0
H_Bayona,2023_Q3_holidays,0.0
H_Bayona,2023_Q4_labor,0.0
H_Bayona,2023_Q4_holidays,0.0
H_Bayona,2024_Q1_labor,0.0
H_Bayona,2024_Q1_holidays,0.0
H_Bayona,2024_Q2_labor,0.0
H_Bayona,2024_Q2_holidays,0.0
H_Bayona,2024_Q3_labor,0.0
H_Bayona,2024_Q3_holidays,0.0
H_Bayona,2024_Q4_labor,0.0
H_Bayona,2024_Q4_holidays,0.0
H_Bello,2023_Q1_labor,0.0
H_Bello,2023_Q1_holidays,0.0
H_Bello,2023_Q2_labor,0.0
H_Bello,2023_Q2_holidays,0.0
H_Bello,2023_Q3_labor,0.0
H_Bello,2023_Q3_holidays,0.0
H_Bello,2023_Q4_labor,0.0
H_Bello,2023_Q4_holidays,0.0
H_Bello,2024_Q1_labor,0.0
H_Bello,2024_Q1_holidays,0.0
H_Bello,2024_Q2_labor,0.0
H_Bello,2024_Q2_holidays,0.0
H_Bello,2024_Q3_labor,0.0
H_Bello,2024_Q3_holidays,0.0
H_Bello,2024_Q4_labor,0.0
H_Bello,2024_Q4_holidays,0.0
H_Belmonte,2023_Q1_labor,0.0
H_Belmonte,2023_Q1_holidays,0.0
H_Belmonte,2023_Q2_labor,0.0
H_Belmonte,2023_Q2_holidays,0.0
H_Belmonte,2023_Q3_labor,0.0
H_Belmonte,2023_Q3_holidays,0.0
H_Belmonte,2023_Q4_labor,0.0
H_Belmonte,2023_Q4_holidays,0.0
H_Belmonte,2024_Q1_labor,0.0
H_Belmonte,2024_Q1_holidays,0.0
H_Belmonte,2024_Q2_labor,0.0
H_Belmonte,2024_Q2_holidays,0.0
H_Belmonte,2024_Q3_labor,0.0
H_Belmonte,2024_Q3_holidays,0.0
H_Belmonte,2024_Q4_labor,0.0
H_Belmonte,2024_Q4_holidays,0.0
H_CampestreC,2023_Q1_labor,0.0
H_CampestreC,2023_Q1_holidays,0.0
H_CampestreC,2023_Q2_labor,0.0
H_CampestreC,2023_Q2_holidays,0.0
H_CampestreC,2023_Q3_labor,0.0
H_CampestreC,2023_Q3_holidays,0.0
H_CampestreC,2023_Q4_labor,0.0
H_CampestreC,2023_Q4_holidays,0.0
H_CampestreC,2024_Q1_labor,0.0
H_CampestreC,2024_Q1_holidays,0.0
H_CampestreC,2024_Q2_labor,0.0
H_CampestreC,2024_Q2_holidays,0.0
H_CampestreC,2024_Q3_labor,0.0
H_CampestreC,2024_Q3_holidays,0.0
H_CampestreC,2024_Q4_labor,0.0
H_CampestreC,2024_Q4_holidays,0.0
H_Cantayus,2023_Q1_labor,0.0
H_Cantayus,2023_Q1_holidays,0.0
H_Cantayus,2023_Q2_labor,0.0
H_Cantayus,2023_Q2_holidays,0.0
H_Cantayus,2023_Q3_labor,0.0
H_Cantayus,2023_Q3_holidays,0.0
H_Cantayus,2023_Q4_labor,0.0
H_Cantayus,2023_Q4_holidays,0.0
H_Cantayus,2024_Q1_labor,0.0
H_Cantayus,2024_Q1_holidays,0.0
H_Cantayus,2024_Q2_labor,0.0
H_Cantayus,2024_Q2_holidays,0.0
H_Cantayus,2024_Q3_labor,0.0
H_Cantayus,2024_Q3_holidays,0.0
H_Cantayus,2024_Q4_labor,0.0
H_Cantayus,2024_Q4_holidays,0.0
H_Caracoli,2023_Q1_labor,0.0
H_Caracoli,2023_Q1_holidays,0.0
H_Caracoli,2023_Q2_labor,0.0
H_Caracoli,2023_Q2_holidays,0.0
H_Caracoli,2023_Q3_labor,0.0
H_Caracoli,2023_Q3_holidays,0.0
H_Caracoli,2023_Q4_labor,0.0
H_Caracoli,2023_Q4_holidays,0.0
H_Caracoli,2024_Q1_labor,0.0
H_Caracoli,2024_Q1_holidays,0.0
H_Caracoli,2024_Q2_labor,0.0
H_Caracoli,2024_Q2_holidays,0.0
H_Caracoli,2024_Q3_labor,0.0
H_Caracoli,2024_Q3_holidays,0.0
H_Caracoli,2024_Q4_labor,0.0
H_Caracoli,2024_Q4_holidays,0.0
H_Cascada,2023_Q1_labor,0.0
H_Cascada,2023_Q1_holidays,0.0
H_Cascada,2023_Q2_labor,0.0
H_Cascada,2023_Q2_holidays,0.0
H_Cascada,2023_Q3_labor,0.0
H_Cascada,2023_Q3_holidays,0.0
H_Cascada,2023_Q4_labor,0.0
H_Cascada,2023_Q4_holidays,0.0
H_Cascada,2024_Q1_labor,0.0
H_Cascada,2024_Q1_holidays,0.0
H_Cascada,2024_Q2_labor,0.0
H_Cascada,2024_Q2_holidays,0.0
H_Cascada,2024_Q3_labor,0.0
H_Cascada,2024_Q3_holidays,0.0
H_Cascada,2024_Q4_labor,0.0
H_Cascada,2024_Q4_holidays,0.0
H_CascadaAbe,2023_Q1_labor,0.0
H_CascadaAbe,2023_Q1_holidays,0.0
H_CascadaAbe,2023_Q2_labor,0.0
H_CascadaAbe,2023_Q2_holidays,0.0
H_CascadaAbe,2023_Q3_labor,0.0
H_CascadaAbe,2023_Q3_holidays,0.0
H_CascadaAbe,2023_Q4_labor,0.0
H_CascadaAbe,2023_Q4_holidays,0.0
H_CascadaAbe,2024_Q1_labor,0.0
H_CascadaAbe,2024_Q1_holidays,0.0
H_CascadaAbe,2024_Q2_labor,0.0
H_CascadaAbe,2024_Q2_holidays,0.0
H_CascadaAbe,2024_Q3_labor,0.0
H_CascadaAbe,2024_Q3_holidays,0.0
H_CascadaAbe,2024_Q4_labor,0.0
H_CascadaAbe,2024_Q4_holidays,0.0
H_CascadaAnt,2023_Q1_labor,0.0
H_CascadaAnt,2023_Q1_holidays,0.0
H_CascadaAnt,2023_Q2_labor,0.0
H_CascadaAnt,2023_Q2_holidays,0.0
H_CascadaAnt,2023_Q3_labor,0.0
H_CascadaAnt,2023_Q3_holidays,0.0
H_CascadaAnt,2023_Q4_labor,0.0
H_CascadaAnt,2023_Q4_holidays,0.0
H_CascadaAnt,2024_Q1_labor,0.0
H_CascadaAnt,2024_Q1_holidays,0.0
H_CascadaAnt,2024_Q2_labor,0.0
H_CascadaAnt,2024_Q2_holidays,0.0
H_CascadaAnt,2024_Q3_labor,0.0
H_CascadaAnt,2024_Q3_holidays,0.0
H_CascadaAnt,2024_Q4_labor,0.0
H_CascadaAnt,2024_Q4_holidays,0.0
H_CascadaGra,2023_Q1_labor,0.0
H_CascadaGra,2023_Q1_holidays,0.0
H_CascadaGra,2023_Q2_labor,0.0
H_CascadaGra,2023_Q2_holidays,0.0
H_CascadaGra,2023_Q3_labor,0.0
H_CascadaGra,2023_Q3_holidays,0.0
H_CascadaGra,2023_Q4_labor,0.0
H_CascadaGra,2023_Q4_holidays,0.0
H_CascadaGra,2024_Q1_labor,0.0
H_CascadaGra,2024_Q1_holidays,0.0
H_CascadaGra,2024_Q2_labor,0.0
H_CascadaGra,2024_Q2_holidays,0.0
H_CascadaGra,2024_Q3_labor,0.0
H_CascadaGra,2024_Q3_holidays,0.0
H_CascadaGra,2024_Q4_labor,0.0
H_CascadaGra,2024_Q4_holidays,0.0
H_Cauya,2023_Q1_labor,0.0
H_Cauya,2023_Q1_holidays,0.0
H_Cauya,2023_Q2_labor,0.0
H_Cauya,2023_Q2_holidays,0.0
H_Cauya,2023_Q3_labor,0.0
H_Cauya,2023_Q3_holidays,0.0
H_Cauya,2023_Q4_labor,0.0
H_Cauya,2023_Q4_holidays,0.0
H_Cauya,2024_Q1_labor,0.0
H_Cauya,2024_Q1_holidays,0.0
H_Cauya,2024_Q2_labor,0.0
H_Cauya,2024_Q2_holidays,0.0
H_Cauya,2024_Q3_labor,0.0
H_Cauya,2024_Q3_holidays,0.0
H_Cauya,2024_Q4_labor,0.0
H_Cauya,2024_Q4_holidays,0.0
H_Chorrera,2023_Q1_labor,0.0
H_Chorrera,2023_Q1_holidays,0.0
H_Chorrera,2023_Q2_labor,0.0
H_Chorrera,2023_Q2_holidays,0.0
H_Chorrera,2023_Q3_labor,0.0
H_Chorrera,2023_Q3_holidays,0.0
H_Chorrera,2023_Q4_labor,0.0
H_Chorrera,2023_Q4_holidays,0.0
H_Chorrera,2024_Q1_labor,0.0
H_Chorrera,2024_Q1_holidays,0.0
H_Chorrera,2024_Q2_labor,0.0
H_Chorrera,2024_Q2_holidays,0.0
H_Chorrera,2024_Q3_labor,0.0
H_Chorrera,2024_Q3_holidays,0.0
H_Chorrera,2024_Q4_labor,0.0
H_Chorrera,2024_Q4_holidays,0.0
H_Coconuco,2023_Q1_labor,0.0
H_Coconuco,2023_Q1_holidays,0.0
H_Coconuco,2023_Q2_labor,0.0
H_Coconuco,2023_Q2_holidays,0.0
H_Coconuco,2023_Q3_labor,0.0
H_Coconuco,2023_Q3_holidays,0.0
H_Coconuco,2023_Q4_labor,0.0
H_Coconuco,2023_Q4_holidays,0.0
H_Coconuco,2024_Q1_labor,0.0
H_Coconuco,2024_Q1_holidays,0.0
H_Coconuco,2024_Q2_labor,0.0
H_Coconuco,2024_Q2_holidays,0.0
H_Coconuco,2024_Q3_labor,0.0
H_Coconuco,2024_Q3_holidays,0.0
H_Coconuco,2024_Q4_labor,0.0
H_Coconuco,2024_Q4_holidays,0.0
H_Cocuyo,2023_Q1_labor,0.0
H_Cocuyo,2023_Q1_holidays,0.0
H_Cocuyo,2023_Q2_labor,0.0
H_Cocuyo,2023_Q2_holidays,0.0
H_Cocuyo,2023_Q3_labor,0.0
H_Cocuyo,2023_Q3_holidays,0.0
H_Cocuyo,2023_Q4_labor,0.0
H_Cocuyo,2023_Q4_holidays,0.0
H_Cocuyo,2024_Q1_labor,0.0
H_Cocuyo,2024_Q1_holidays,0.0
H_Cocuyo,2024_Q2_labor,0.0
H_Cocuyo,2024_Q2_holidays,0.0
H_Cocuyo,2024_Q3_labor,0.0
H_Cocuyo,2024_Q3_holidays,0.0
H_Cocuyo,2024_Q4_labor,0.0
H_Cocuyo,2024_Q4_holidays,0.0
H_Coello,2023_Q1_labor,0.0
H_Coello,2023_Q1_holidays,0.0
H_Coello,2023_Q2_labor,0.0
H_Coello,2023_Q2_holidays,0.0
H_Coello,2023_Q3_labor,0.0
H_Coello,2023_Q3_holidays,0.0
H_Coello,2023_Q4_labor,0.0
H_Coello,2023_Q4_holidays,0.0
H_Coello,2024_Q1_labor,0.0
H_Coello,2024_Q1_holidays,0.0
H_Coello,2024_Q2_labor,0.0
H_Coello,2024_Q2_holidays,0.0
H_Coello,2024_Q3_labor,0.0
H_Coello,2024_Q3_holidays,0.0
H_Coello,2024_Q4_labor,0.0
H_Coello,2024_Q4_holidays,0.0
H_Currucucue,2023_Q1_labor,0.0
H_Currucucue,2023_Q1_holidays,0.0
H_Currucucue,2023_Q2_labor,0.0
H_Currucucue,2023_Q2_holidays,0.0
H_Currucucue,2023_Q3_labor,0.0
H_Currucucue,2023_Q3_holidays,0.0
H_Currucucue,2023_Q4_labor,0.0
H_Currucucue,2023_Q4_holidays,0.0
H_Currucucue,2024_Q1_labor,0.0
H_Currucucue,2024_Q1_holidays,0.0
H_Currucucue,2024_Q2_labor,0.0
H_Currucucue,2024_Q2_holidays,0.0
H_Currucucue,2024_Q3_labor,0.0
H_Currucucue,2024_Q3_holidays,0.0
H_Currucucue,2024_Q4_labor,0.0
H_Currucucue,2024_Q4_holidays,0.0
H_ElBosque,2023_Q1_labor,0.0
H_ElBosque,2023_Q1_holidays,0.0
H_ElBosque,2023_Q2_labor,0.0
H_ElBosque,2023_Q2_holidays,0.0
H_ElBosque,2023_Q3_labor,0.0
H_ElBosque,2023_Q3_holidays,0.0
H_ElBosque,2023_Q4_labor,0.0
H_ElBosque,2023_Q4_holidays,0.0
H_ElBosque,2024_Q1_labor,0.0
H_ElBosque,2024_Q1_holidays,0.0
H_ElBosque,2024_Q2_labor,0.0
H_ElBosque,2024_Q2_holidays,0.0
H_ElBosque,2024_Q3_labor,0.0
H_ElBosque,2024_Q3_holidays,0.0
H_ElBosque,2024_Q4_labor,0.0
H_ElBosque,2024_Q4_holidays,0.0
H_ElEden,2023_Q1_labor,0.0
H_ElEden,2023_Q1_holidays,0.0
H_ElEden,2023_Q2_labor,0.0
H_ElEden,2023_Q2_holidays,0.0
H_ElEden,2023_Q3_labor,0.0
H_ElEden,2023_Q3_holidays,0.0
H_ElEden,2023_Q4_labor,0.0
H_ElEden,2023_Q4_holidays,0.0
H_ElEden,2024_Q1_labor,0.0
H_ElEden,2024_Q1_holidays,0.0
H_ElEden,2024_Q2_labor,0.0
H_ElEden,2024_Q2_holidays,0.0
H_ElEden,2024_Q3_labor,0.0
H_ElEden,2024_Q3_holidays,0.0
H_ElEden,2024_Q4_labor,0.0
H_ElEden,2024_Q4_holidays,0.0
H_ElLimonar,2023_Q1_labor,0.0
H_ElLimonar,2023_Q1_holidays,0.0
H_ElLimonar,2023_Q2_labor,0.0
H_ElLimonar,2023_Q2_holidays,0.0
H_ElLimonar,2023_Q3_labor,0.0
H_ElLimonar,2023_Q3_holidays,0.0
H_ElLimonar,2023_Q4_labor,0.0
H_ElLimonar,2023_Q4_holidays,0.0
H_ElLimonar,2024_Q1_labor,0.0
H_ElLimonar,2024_Q1_holidays,0.0
H_ElLimonar,2024_Q2_labor,0.0
H_ElLimonar,2024_Q2_holidays,0.0
H_ElLimonar,2024_Q3_labor,0.0
H_ElLimonar,2024_Q3_holidays,0.0
H_ElLimonar,2024_Q4_labor,0.0
H_ElLimonar,2024_Q4_holidays,0.0
H_ElMolino,2023_Q1_labor,0.0
H_ElMolino,2023_Q1_holidays,0.0
H_ElMolino,2023_Q2_labor,0.0
H_ElMolino,2023_Q2_holidays,0.0
H_ElMolino,2023_Q3_labor,0.0
H_ElMolino,2023_Q3_holidays,0.0
H_ElMolino,2023_Q4_labor,0.0
H_ElMolino,2023_Q4_holidays,0.0
H_ElMolino,2024_Q1_labor,0.0
H_ElMolino,2024_Q1_holidays,0.0
H_ElMolino,2024_Q2_labor,0.0
H_ElMolino,2024_Q2_holidays,0.0
H_ElMolino,2024_Q3_labor,0.0
H_ElMolino,2024_Q3_holidays,0.0
H_ElMolino,2024_Q4_labor,0.0
H_ElMolino,2024_Q4_holidays,0.0
H_Florida,2023_Q1_labor,0.0
H_Florida,2023_Q1_holidays,0.0
H_Florida,2023_Q2_labor,0.0
H_Florida,2023_Q2_holidays,0.0
H_Florida,2023_Q3_labor,0.0
H_Florida,2023_Q3_holidays,0.0
H_Florida,2023_Q4_labor,0.0
H_Florida,2023_Q4_holidays,0.0
H_Florida,2024_Q1_labor,0.0
H_Florida,2024_Q1_holidays,0.0
H_Florida,2024_Q2_labor,0.0
H_Florida,2024_Q2_holidays,0.0
H_Florida,2024_Q3_labor,0.0
H_Florida,2024_Q3_holidays,0.0
H_Florida,2024_Q4_labor,0.0
H_Florida,2024_Q4_holidays,0.0
H_Frisolera,2023_Q1_labor,0.0
H_Frisolera,2023_Q1_holidays,0.0
H_Frisolera,2023_Q2_labor,0.0
H_Frisolera,2023_Q2_holidays,0.0
H_Frisolera,2023_Q3_labor,0.0
H_Frisolera,2023_Q3_holidays,0.0
H_Frisolera,2023_Q4_labor,0.0
H_Frisolera,2023_Q4_holidays,0.0
H_Frisolera,2024_Q1_labor,0.0
H_Frisolera,2024_Q1_holidays,0.0
H_Frisolera,2024_Q2_labor,0.0
H_Frisolera,2024_Q2_holidays,0.0
H_Frisolera,2024_Q3_labor,0.0
H_Frisolera,2024_Q3_holidays,0.0
H_Frisolera,2024_Q4_labor,0.0
H_Frisolera,2024_Q4_holidays,0.0
H_GUATRON,2023_Q1_labor,0.0
H_GUATRON,2023_Q1_holidays,0.0
H_GUATRON,2023_Q2_labor,0.0
H_GUATRON,2023_Q2_holidays,0.0
H_GUATRON,2023_Q3_labor,0.0
H_GUATRON,2023_Q3_holidays,0.0
H_GUATRON,2023_Q4_labor,0.0
H_GUATRON,2023_Q4_holidays,0.0
H_GUATRON,2024_Q1_labor,0.0
H_GUATRON,2024_Q1_holidays,0.0
H_GUATRON,2024_Q2_labor,0.0
H_GUATRON,2024_Q2_holidays,0.0
H_GUATRON,2024_Q3_labor,0.0
H_GUATRON,2024_Q3_holidays,0.0
H_GUATRON,2024_Q4_labor,0.0
H_GUATRON,2024_Q4_holidays,0.0
H_Guacaica,2023_Q1_labor,0.0
H_Guacaica,2023_Q1_holidays,0.0
H_Guacaica,2023_Q2_labor,0.0
H_Guacaica,2023_Q2_holidays,0.0
H_Guacaica,2023_Q3_labor,0.0
H_Guacaica,2023_Q3_holidays,0.0
H_Guacaica,2023_Q4_labor,0.0
H_Guacaica,2023_Q4_holidays,0.0
H_Guacaica,2024_Q1_labor,0.0
H_Guacaica,2024_Q1_holidays,0.0
H_Guacaica,2024_Q2_labor,0.0
H_Guacaica,2024_Q2_holidays,0.0
H_Guacaica,2024_Q3_labor,0.0
H_Guacaica,2024_Q3_holidays,0.0
H_Guacaica,2024_Q4_labor,0.0
H_Guacaica,2024_Q4_holidays,0.0
H_Guaviomeno,2023_Q1_labor,0.0
H_Guaviomeno,2023_Q1_holidays,0.0
H_Guaviomeno,2023_Q2_labor,0.0
H_Guaviomeno,2023_Q2_holidays,0.0
H_Guaviomeno,2023_Q3_labor,0.0
H_Guaviomeno,2023_Q3_holidays,0.0
H_Guaviomeno,2023_Q4_labor,0.0
H_Guaviomeno,2023_Q4_holidays,0.0
H_Guaviomeno,2024_Q1_labor,0.0
H_Guaviomeno,2024_Q1_holidays,0.0
H_Guaviomeno,2024_Q2_labor,0.0
H_Guaviomeno,2024_Q2_holidays,0.0
H_Guaviomeno,2024_Q3_labor,0.0
H_Guaviomeno,2024_Q3_holidays,0.0
H_Guaviomeno,2024_Q4_labor,0.0
H_Guaviomeno,2024_Q4_holidays,0.0
H_Herradura,2023_Q1_labor,0.0
H_Herradura,2023_Q1_holidays,0.0
H_Herradura,2023_Q2_labor,0.0
H_Herradura,2023_Q2_holidays,0.0
H_Herradura,2023_Q3_labor,0.0
H_Herradura,2023_Q3_holidays,0.0
H_Herradura,2023_Q4_labor,0.0
H_Herradura,2023_Q4_holidays,0.0
H_Herradura,2024_Q1_labor,0.0
H_Herradura,2024_Q1_holidays,0.0
H_Herradura,2024_Q2_labor,0.0
H_Herradura,2024_Q2_holidays,0.0
H_Herradura,2024_Q3_labor,0.0
H_Herradura,2024_Q3_holidays,0.0
H_Herradura,2024_Q4_labor,0.0
H_Herradura,2024_Q4_holidays,0.0
H_Inza,2023_Q1_labor,0.0
H_Inza,2023_Q1_holidays,0.0
H_Inza,2023_Q2_labor,0.0
H_Inza,2023_Q2_holidays,0.0
H_Inza,2023_Q3_labor,0.0
H_Inza,2023_Q3_holidays,0.0
H_Inza,2023_Q4_labor,0.0
H_Inza,2023_Q4_holidays,0.0
H_Inza,2024_Q1_labor,0.0
H_Inza,2024_Q1_holidays,0.0
H_Inza,2024_Q2_labor,0.0
H_Inza,2024_Q2_holidays,0.0
H_Inza,2024_Q3_labor,0.0
H_Inza,2024_Q3_holidays,0.0
H_Inza,2024_Q4_labor,0.0
H_Inza,2024_Q4_holidays,0.0
H_IquiraI,2023_Q1_labor,0.0
H_IquiraI,2023_Q1_holidays,0.0
H_IquiraI,2023_Q2_labor,0.0
H_IquiraI,2023_Q2_holidays,0.0
H_IquiraI,2023_Q3_labor,0.0
H_IquiraI,2023_Q3_holidays,0.0
H_IquiraI,2023_Q4_labor,0.0
H_IquiraI,2023_Q4_holidays,0.0
H_IquiraI,2024_Q1_labor,0.0
H_IquiraI,2024_Q1_holidays,0.0
H_IquiraI,2024_Q2_labor,0.0
H_IquiraI,2024_Q2_holidays,0.0
H_IquiraI,2024_Q3_labor,0.0
H_IquiraI,2024_Q3_holidays,0.0
H_IquiraI,2024_Q4_labor,0.0
H_IquiraI,2024_Q4_holidays,0.0
H_IquiraII,2023_Q1_labor,0.0
H_IquiraII,2023_Q1_holidays,0.0
H_IquiraII,2023_Q2_labor,0.0
H_IquiraII,2023_Q2_holidays,0.0
H_IquiraII,2023_Q3_labor,0.0
H_IquiraII,2023_Q3_holidays,0.0
H_IquiraII,2023_Q4_labor,0.0
H_IquiraII,2023_Q4_holidays,0.0
H_IquiraII,2024_Q1_labor,0.0
H_IquiraII,2024_Q1_holidays,0.0
H_IquiraII,2024_Q2_labor,0.0
H_IquiraII,2024_Q2_holidays,0.0
H_IquiraII,2024_Q3_labor,0.0
H_IquiraII,2024_Q3_holidays,0.0
H_IquiraII,2024_Q4_labor,0.0
H_IquiraII,2024_Q4_holidays,0.0
H_JuanGarcia,2023_Q1_labor,0.0
H_JuanGarcia,2023_Q1_holidays,0.0
H_JuanGarcia,2023_Q2_labor,0.0
H_JuanGarcia,2023_Q2_holidays,0.0
H_JuanGarcia,2023_Q3_labor,0.0
H_JuanGarcia,2023_Q3_holidays,0.0
H_JuanGarcia,2023_Q4_labor,0.0
H_JuanGarcia,2023_Q4_holidays,0.0
H_JuanGarcia,2024_Q1_labor,0.0
H_JuanGarcia,2024_Q1_holidays,0.0
H_JuanGarcia,2024_Q2_labor,0.0
H_JuanGarcia,2024_Q2_holidays,0.0
H_JuanGarcia,2024_Q3_labor,0.0
H_JuanGarcia,2024_Q3_holidays,0.0
H_JuanGarcia,2024_Q4_labor,0.0
H_JuanGarcia,2024_Q4_holidays,0.0
H_LAGUNETA,2023_Q1_labor,0.0
H_LAGUNETA,2023_Q1_holidays,0.0
H_LAGUNETA,2023_Q2_labor,0.0
H_LAGUNETA,2023_Q2_holidays,0.0
H_LAGUNETA,2023_Q3_labor,0.0
H_LAGUNETA,2023_Q3_holidays,0.0
H_LAGUNETA,2023_Q4_labor,0.0
H_LAGUNETA,2023_Q4_holidays,0.0
H_LAGUNETA,2024_Q1_labor,0.0
H_LAGUNETA,2024_Q1_holidays,0.0
H_LAGUNETA,2024_Q2_labor,0.0
H_LAGUNETA,2024_Q2_holidays,0.0
H_LAGUNETA,2024_Q3_labor,0.0
H_LAGUNETA,2024_Q3_holidays,0.0
H_LAGUNETA,2024_Q4_labor,0.0
H_LAGUNETA,2024_Q4_holidays,0.0
H_LaPita,2023_Q1_labor,0.0
H_LaPita,2023_Q1_holidays,0.0
H_LaPita,2023_Q2_labor,0.0
H_LaPita,2023_Q2_holidays,0.0
H_LaPita,2023_Q3_labor,0.0
H_LaPita,2023_Q3_holidays,0.0
H_LaPita,2023_Q4_labor,0.0
H_LaPita,2023_Q4_holidays,0.0
H_LaPita,2024_Q1_labor,0.0
H_LaPita,2024_Q1_holidays,0.0
H_LaPita,2024_Q2_labor,0.0
H_LaPita,2024_Q2_holidays,0.0
H_LaPita,2024_Q3_labor,0.0
H_LaPita,2024_Q3_holidays,0.0
H_LaPita,2024_Q4_labor,0.0
H_LaPita,2024_Q4_holidays,0.0
H_LaRebusca,2023_Q1_labor,0.0
H_LaRebusca,2023_Q1_holidays,0.0
H_LaRebusca,2023_Q2_labor,0.0
H_LaRebusca,2023_Q2_holidays,0.0
H_LaRebusca,2023_Q3_labor,0.0
H_LaRebusca,2023_Q3_holidays,0.0
H_LaRebusca,2023_Q4_labor,0.0
H_LaRebusca,2023_Q4_holidays,0.0
H_LaRebusca,2024_Q1_labor,0.0
H_LaRebusca,2024_Q1_holidays,0.0
H_LaRebusca,2024_Q2_labor,0.0
H_LaRebusca,2024_Q2_holidays,0.0
H_LaRebusca,2024_Q3_labor,0.0
H_LaRebusca,2024_Q3_holidays,0.0
H_LaRebusca,2024_Q4_labor,0.0
H_LaRebusca,2024_Q4_holidays,0.0
H_La_Vuelta,2023_Q1_labor,0.0
H_La_Vuelta,2023_Q1_holidays,0.0
H_La_Vuelta,2023_Q2_labor,0.0
H_La_Vuelta,2023_Q2_holidays,0.0
H_La_Vuelta,2023_Q3_labor,0.0
H_La_Vuelta,2023_Q3_holidays,0.0
H_La_Vuelta,2023_Q4_labor,0.0
H_La_Vuelta,2023_Q4_holidays,0.0
H_La_Vuelta,2024_Q1_labor,0.0
H_La_Vuelta,2024_Q1_holidays,0.0
H_La_Vuelta,2024_Q2_labor,0.0
H_La_Vuelta,2024_Q2_holidays,0.0
H_La_Vuelta,2024_Q3_labor,0.0
H_La_Vuelta,2024_Q3_holidays,0.0
H_La_Vuelta,2024_Q4_labor,0.0
H_La_Vuelta,2024_Q4_holidays,0.0
H_LasPalmas,2023_Q1_labor,0.0
H_LasPalmas,2023_Q1_holidays,0.0
H_LasPalmas,2023_Q2_labor,0.0
H_LasPalmas,2023_Q2_holidays,0.0
H_LasPalmas,2023_Q3_labor,0.0
H_LasPalmas,2023_Q3_holidays,0.0
H_LasPalmas,2023_Q4_labor,0.0
H_LasPalmas,2023_Q4_holidays,0.0
H_LasPalmas,2024_Q1_labor,0.0
H_LasPalmas,2024_Q1_holidays,0.0
H_LasPalmas,2024_Q2_labor,0.0
H_LasPalmas,2024_Q2_holidays,0.0
H_LasPalmas,2024_Q3_labor,0.0
H_LasPalmas,2024_Q3_holidays,0.0
H_LasPalmas,2024_Q4_labor,0.0
H_LasPalmas,2024_Q4_holidays,0.0
H_Libertad,2023_Q1_labor,0.0
H_Libertad,2023_Q1_holidays,0.0
H_Libertad,2023_Q2_labor,0.0
H_Libertad,2023_Q2_holidays,0.0
H_Libertad,2023_Q3_labor,0.0
H_Libertad,2023_Q3_holidays,0.0
H_Libertad,2023_Q4_labor,0.0
H_Libertad,2023_Q4_holidays,0.0
H_Libertad,2024_Q1_labor,0.0
H_Libertad,2024_Q1_holidays,0.0
H_Libertad,2024_Q2_labor,0.0
H_Libertad,2024_Q2_holidays,0.0
H_Libertad,2024_Q3_labor,0.0
H_Libertad,2024_Q3_holidays,0.0
H_Libertad,2024_Q4_labor,0.0
H_Libertad,2024_Q4_holidays,0.0
H_LuzMaI,2023_Q1_labor,0.0
H_LuzMaI,2023_Q1_holidays,0.0
H_LuzMaI,2023_Q2_labor,0.0
H_LuzMaI,2023_Q2_holidays,0.0
H_LuzMaI,2023_Q3_labor,0.0
H_LuzMaI,2023_Q3_holidays,0.0
H_LuzMaI,2023_Q4_labor,0.0
H_LuzMaI,2023_Q4_holidays,0.0
H_LuzMaI,2024_Q1_labor,0.0
H_LuzMaI,2024_Q1_holidays,0.0
H_LuzMaI,2024_Q2_labor,0.0
H_LuzMaI,2024_Q2_holidays,0.0
H_LuzMaI,2024_Q3_labor,0.0
H_LuzMaI,2024_Q3_holidays,0.0
H_LuzMaI,2024_Q4_labor,0.0
H_LuzMaI,2024_Q4_holidays,0.0
H_LuzMaII,2023_Q1_labor,0.0
H_LuzMaII,2023_Q1_holidays,0.0
H_LuzMaII,2023_Q2_labor,0.0
H_LuzMaII,2023_Q2_holidays,0.0
H_LuzMaII,2023_Q3_labor,0.0
H_LuzMaII,2023_Q3_holidays,0.0
H_LuzMaII,2023_Q4_labor,0.0
H_LuzMaII,2023_Q4_holidays,0.0
H_LuzMaII,2024_Q1_labor,0.0
H_LuzMaII,2024_Q1_holidays,0.0
H_LuzMaII,2024_Q2_labor,0.0
H_LuzMaII,2024_Q2_holidays,0.0
H_LuzMaII,2024_Q3_labor,0.0
H_LuzMaII,2024_Q3_holidays,0.0
H_LuzMaII,2024_Q4_labor,0.0
H_LuzMaII,2024_Q4_holidays,0.0
H_Magallo,2023_Q1_labor,0.0
H_Magallo,2023_Q1_holidays,0.0
H_Magallo,2023_Q2_labor,0.0
H_Magallo,2023_Q2_holidays,0.0
H_Magallo,2023_Q3_labor,0.0
H_Magallo,2023_Q3_holidays,0.0
H_Magallo,2023_Q4_labor,0.0
H_Magallo,2023_Q4_holidays,0.0
H_Magallo,2024_Q1_labor,0.0
H_Magallo,2024_Q1_holidays,0.0
H_Magallo,2024_Q2_labor,0.0
H_Magallo,2024_Q2_holidays,0.0
H_Magallo,2024_Q3_labor,0.0
H_Magallo,2024_Q3_holidays,0.0
H_Magallo,2024_Q4_labor,0.0
H_Magallo,2024_Q4_holidays,0.0
H_Mirolindo,2023_Q1_labor,0.0
H_Mirolindo,2023_Q1_holidays,0.0
H_Mirolindo,2023_Q2_labor,0.0
H_Mirolindo,2023_Q2_holidays,0.0
H_Mirolindo,2023_Q3_labor,0.0
H_Mirolindo,2023_Q3_holidays,0.0
H_Mirolindo,2023_Q4_labor,0.0
H_Mirolindo,2023_Q4_holidays,0.0
H_Mirolindo,2024_Q1_labor,0.0
H_Mirolindo,2024_Q1_holidays,0.0
H_Mirolindo,2024_Q2_labor,0.0
H_Mirolindo,2024_Q2_holidays,0.0
H_Mirolindo,2024_Q3_labor,0.0
H_Mirolindo,2024_Q3_holidays,0.0
H_Mirolindo,2024_Q4_labor,0.0
H_Mirolindo,2024_Q4_holidays,0.0
H_Mondomo,2023_Q1_labor,0.0
H_Mondomo,2023_Q1_holidays,0.0
H_Mondomo,2023_Q2_labor,0.0
H_Mondomo,2023_Q2_holidays,0.0
H_Mondomo,2023_Q3_labor,0.0
H_Mondomo,2023_Q3_holidays,0.0
H_Mondomo,2023_Q4_labor,0.0
H_Mondomo,2023_Q4_holidays,0.0
H_Mondomo,2024_Q1_labor,0.0
H_Mondomo,2024_Q1_holidays,0.0
H_Mondomo,2024_Q2_labor,0.0
H_Mondomo,2024_Q2_holidays,0.0
H_Mondomo,2024_Q3_labor,0.0
H_Mondomo,2024_Q3_holidays,0.0
H_Mondomo,2024_Q4_labor,0.0
H_Mondomo,2024_Q4_holidays,0.0
H_Municipal,2023_Q1_labor,0.0
H_Municipal,2023_Q1_holidays,0.0
H_Municipal,2023_Q2_labor,0.0
H_Municipal,2023_Q2_holidays,0.0
H_Municipal,2023_Q3_labor,0.0
H_Municipal,2023_Q3_holidays,0.0
H_Municipal,2023_Q4_labor,0.0
H_Municipal,2023_Q4_holidays,0.0
H_Municipal,2024_Q1_labor,0.0
H_Municipal,2024_Q1_holidays,0.0
H_Municipal,2024_Q2_labor,0.0
H_Municipal,2024_Q2_holidays,0.0
H_Municipal,2024_Q3_labor,0.0
H_Municipal,2024_Q3_holidays,0.0
H_Municipal,2024_Q4_labor,0.0
H_Municipal,2024_Q4_holidays,0.0
H_Naveta,2023_Q1_labor,0.0
H_Naveta,2023_Q1_holidays,0.0
H_Naveta,2023_Q2_labor,0.0
H_Naveta,2023_Q2_holidays,0.0
H_Naveta,2023_Q3_labor,0.0
H_Naveta,2023_Q3_holidays,0.0
H_Naveta,2023_Q4_labor,0.0
H_Naveta,2023_Q4_holidays,0.0
H_Naveta,2024_Q1_labor,0.0
H_Naveta,2024_Q1_holidays,0.0
H_Naveta,2024_Q2_labor,0.0
H_Naveta,2024_Q2_holidays,0.0
H_Naveta,2024_Q3_labor,0.0
H_Naveta,2024_Q3_holidays,0.0
H_Naveta,2024_Q4_labor,0.0
H_Naveta,2024_Q4_holidays,0.0
H_Nima,2023_Q1_labor,0.0
H_Nima,2023_Q1_holidays,0.0
H_Nima,2023_Q2_labor,0.0
H_Nima,2023_Q2_holidays,0.0
H_Nima,2023_Q3_labor,0.0
H_Nima,2023_Q3_holidays,0.0
H_Nima,2023_Q4_labor,0.0
H_Nima,2023_Q4_holidays,0.0
H_Nima,2024_Q1_labor,0.0
H_Nima,2024_Q1_holidays,0.0
H_Nima,2024_Q2_labor,0.0
H_Nima,2024_Q2_holidays,0.0
H_Nima,2024_Q3_labor,0.0
H_Nima,2024_Q3_holidays,0.0
H_Nima,2024_Q4_labor,0.0
H_Nima,2024_Q4_holidays,0.0
H_Niquia,2023_Q1_labor,0.0
H_Niquia,2023_Q1_holidays,0.0
H_Niquia,2023_Q2_labor,0.0
H_Niquia,2023_Q2_holidays,0.0
H_Niquia,2023_Q3_labor,0.0
H_Niquia,2023_Q3_holidays,0.0
H_Niquia,2023_Q4_labor,0.0
H_Niquia,2023_Q4_holidays,0.0
H_Niquia,2024_Q1_labor,0.0
H_Niquia,2024_Q1_holidays,0.0
H_Niquia,2024_Q2_labor,0.0
H_Niquia,2024_Q2_holidays,0.0
H_Niquia,2024_Q3_labor,0.0
H_Niquia,2024_Q3_holidays,0.0
H_Niquia,2024_Q4_labor,0.0
H_Niquia,2024_Q4_holidays,0.0
H_Nuevoliba,2023_Q1_labor,0.0
H_Nuevoliba,2023_Q1_holidays,0.0
H_Nuevoliba,2023_Q2_labor,0.0
H_Nuevoliba,2023_Q2_holidays,0.0
H_Nuevoliba,2023_Q3_labor,0.0
H_Nuevoliba,2023_Q3_holidays,0.0
H_Nuevoliba,2023_Q4_labor,0.0
H_Nuevoliba,2023_Q4_holidays,0.0
H_Nuevoliba,2024_Q1_labor,0.0
H_Nuevoliba,2024_Q1_holidays,0.0
H_Nuevoliba,2024_Q2_labor,0.0
H_Nuevoliba,2024_Q2_holidays,0.0
H_Nuevoliba,2024_Q3_labor,0.0
H_Nuevoliba,2024_Q3_holidays,0.0
H_Nuevoliba,2024_Q4_labor,0.0
H_Nuevoliba,2024_Q4_holidays,0.0
H_Oibita,2023_Q1_labor,0.0
H_Oibita,2023_Q1_holidays,0.0
H_Oibita,2023_Q2_labor,0.0
H_Oibita,2023_Q2_holidays,0.0
H_Oibita,2023_Q3_labor,0.0
H_Oibita,2023_Q3_holidays,0.0
H_Oibita,2023_Q4_labor,0.0
H_Oibita,2023_Q4_holidays,0.0
H_Oibita,2024_Q1_labor,0.0
H_Oibita,2024_Q1_holidays,0.0
H_Oibita,2024_Q2_labor,0.0
H_Oibita,2024_Q2_holidays,0.0
H_Oibita,2024_Q3_labor,0.0
H_Oibita,2024_Q3_holidays,0.0
H_Oibita,2024_Q4_labor,0.0
H_Oibita,2024_Q4_holidays,0.0
H_Ovejas,2023_Q1_labor,0.0
H_Ovejas,2023_Q1_holidays,0.0
H_Ovejas,2023_Q2_labor,0.0
H_Ovejas,2023_Q2_holidays,0.0
H_Ovejas,2023_Q3_labor,0.0
H_Ovejas,2023_Q3_holidays,0.0
H_Ovejas,2023_Q4_labor,0.0
H_Ovejas,2023_Q4_holidays,0.0
H_Ovejas,2024_Q1_labor,0.0
H_Ovejas,2024_Q1_holidays,0.0
H_Ovejas,2024_Q2_labor,0.0
H_Ovejas,2024_Q2_holidays,0.0
H_Ovejas,2024_Q3_labor,0.0
H_Ovejas,2024_Q3_holidays,0.0
H_Ovejas,2024_Q4_labor,0.0
H_Ovejas,2024_Q4_holidays,0.0
H_PAGUA,2023_Q1_labor,0.0
H_PAGUA,2023_Q1_holidays,0.0
H_PAGUA,2023_Q2_labor,0.0
H_PAGUA,2023_Q2_holidays,0.0
H_PAGUA,2023_Q3_labor,0.0
H_PAGUA,2023_Q3_holidays,0.0
H_PAGUA,2023_Q4_labor,0.0
H_PAGUA,2023_Q4_holidays,0.0
H_PAGUA,2024_Q1_labor,0.0
H_PAGUA,2024_Q1_holidays,0.0
H_PAGUA,2024_Q2_labor,0.0
H_PAGUA,2024_Q2_holidays,0.0
H_PAGUA,2024_Q3_labor,0.0
H_PAGUA,2024_Q3_holidays,0.0
H_PAGUA,2024_Q4_labor,0.0
H_PAGUA,2024_Q4_holidays,0.0
H_Pajarito,2023_Q1_labor,0.0
H_Pajarito,2023_Q1_holidays,0.0
H_Pajarito,2023_Q2_labor,0.0
H_Pajarito,2023_Q2_holidays,0.0
H_Pajarito,2023_Q3_labor,0.0
H_Pajarito,2023_Q3_holidays,0.0
H_Pajarito,2023_Q4_labor,0.0
H_Pajarito,2023_Q4_holidays,0.0
H_Pajarito,2024_Q1_labor,0.0
H_Pajarito,2024_Q1_holidays,0.0
H_Pajarito,2024_Q2_labor,0.0
H_Pajarito,2024_Q2_holidays,0.0
H_Pajarito,2024_Q3_labor,0.0
H_Pajarito,2024_Q3_holidays,0.0
H_Pajarito,2024_Q4_labor,0.0
H_Pajarito,2024_Q4_holidays,0.0
H_PalmasSanGil,2023_Q1_labor,0.0
H_PalmasSanGil,2023_Q1_holidays,0.0
H_PalmasSanGil,2023_Q2_labor,0.0
H_PalmasSanGil,2023_Q2_holidays,0.0
H_PalmasSanGil,2023_Q3_labor,0.0
H_PalmasSanGil,2023_Q3_holidays,0.0
H_PalmasSanGil,2023_Q4_labor,0.0
H_PalmasSanGil,2023_Q4_holidays,0.0
H_PalmasSanGil,2024_Q1_labor,0.0
H_PalmasSanGil,2024_Q1_holidays,0.0
H_PalmasSanGil,2024_Q2_labor,0.0
H_PalmasSanGil,2024_Q2_holidays,0.0
H_PalmasSanGil,2024_Q3_labor,0.0
H_PalmasSanGil,2024_Q3_holidays,0.0
H_PalmasSanGil,2024_Q4_labor,0.0
H_PalmasSanGil,2024_Q4_holidays,0.0
H_Pastales,2023_Q1_labor,0.0
H_Pastales,2023_Q1_holidays,0.0
H_Pastales,2023_Q2_labor,0.0
H_Pastales,2023_Q2_holidays,0.0
H_Pastales,2023_Q3_labor,0.0
H_Pastales,2023_Q3_holidays,0.0
H_Pastales,2023_Q4_labor,0.0
H_Pastales,2023_Q4_holidays,0.0
H_Pastales,2024_Q1_labor,0.0
H_Pastales,2024_Q1_holidays,0.0
H_Pastales,2024_Q2_labor,0.0
H_Pastales,2024_Q2_holidays,0.0
H_Pastales,2024_Q3_labor,0.0
H_Pastales,2024_Q3_holidays,0.0
H_Pastales,2024_Q4_labor,0.0
H_Pastales,2024_Q4_holidays,0.0
H_PaticoCab,2023_Q1_labor,0.0
H_PaticoCab,2023_Q1_holidays,0.0
H_PaticoCab,2023_Q2_labor,0.0
H_PaticoCab,2023_Q2_holidays,0.0
H_PaticoCab,2023_Q3_labor,0.0
H_PaticoCab,2023_Q3_holidays,0.0
H_PaticoCab,2023_Q4_labor,0.0
H_PaticoCab,2023_Q4_holidays,0.0
H_PaticoCab,2024_Q1_labor,0.0
H_PaticoCab,2024_Q1_holidays,0.0
H_PaticoCab,2024_Q2_labor,0.0
H_PaticoCab,2024_Q2_holidays,0.0
H_PaticoCab,2024_Q3_labor,0.0
H_PaticoCab,2024_Q3_holidays,0.0
H_PaticoCab,2024_Q4_labor,0.0
H_PaticoCab,2024_Q4_holidays,0.0
H_Pocune,2023_Q1_labor,0.0
H_Pocune,2023_Q1_holidays,0.0
H_Pocune,2023_Q2_labor,0.0
H_Pocune,2023_Q2_holidays,0.0
H_Pocune,2023_Q3_labor,0.0
H_Pocune,2023_Q3_holidays,0.0
H_Pocune,2023_Q4_labor,0.0
H_Pocune,2023_Q4_holidays,0.0
H_Pocune,2024_Q1_labor,0.0
H_Pocune,2024_Q1_holidays,0.0
H_Pocune,2024_Q2_labor,0.0
H_Pocune,2024_Q2_holidays,0.0
H_Pocune,2024_Q3_labor,0.0
H_Pocune,2024_Q3_holidays,0.0
H_Pocune,2024_Q4_labor,0.0
H_Pocune,2024_Q4_holidays,0.0
H_Porce3Meno,2023_Q1_labor,0.0
H_Porce3Meno,2023_Q1_holidays,0.0
H_Porce3Meno,2023_Q2_labor,0.0
H_Porce3Meno,2023_Q2_holidays,0.0
H_Porce3Meno,2023_Q3_labor,0.0
H_Porce3Meno,2023_Q3_holidays,0.0
H_Porce3Meno,2023_Q4_labor,0.0
H_Porce3Meno,2023_Q4_holidays,0.0
H_Porce3Meno,2024_Q1_labor,0.0
H_Porce3Meno,2024_Q1_holidays,0.0
H_Porce3Meno,2024_Q2_labor,0.0
H_Porce3Meno,2024_Q2_holidays,0.0
H_Porce3Meno,2024_Q3_labor,0.0
H_Porce3Meno,2024_Q3_holidays,0.0
H_Porce3Meno,2024_Q4_labor,0.0
H_Porce3Meno,2024_Q4_holidays,0.0
H_Puente_Gui,2023_Q1_labor,0.0
H_Puente_Gui,2023_Q1_holidays,0.0
H_Puente_Gui,2023_Q2_labor,0.0
H_Puente_Gui,2023_Q2_holidays,0.0
H_Puente_Gui,2023_Q3_labor,0.0
H_Puente_Gui,2023_Q3_holidays,0.0
H_Puente_Gui,2023_Q4_labor,0.0
H_Puente_Gui,2023_Q4_holidays,0.0
H_Puente_Gui,2024_Q1_labor,0.0
H_Puente_Gui,2024_Q1_holidays,0.0
H_Puente_Gui,2024_Q2_labor,0.0
H_Puente_Gui,2024_Q2_holidays,0.0
H_Puente_Gui,2024_Q3_labor,0.0
H_Puente_Gui,2024_Q3_holidays,0.0
H_Puente_Gui,2024_Q4_labor,0.0
H_Puente_Gui,2024_Q4_holidays,0.0
H_Remedios,2023_Q1_labor,0.0
H_Remedios,2023_Q1_holidays,0.0
H_Remedios,2023_Q2_labor,0.0
H_Remedios,2023_Q2_holidays,0.0
H_Remedios,2023_Q3_labor,0.0
H_Remedios,2023_Q3_holidays,0.0
H_Remedios,2023_Q4_labor,0.0
H_Remedios,2023_Q4_holidays,0.0
H_Remedios,2024_Q1_labor,0.0
H_Remedios,2024_Q1_holidays,0.0
H_Remedios,2024_Q2_labor,0.0
H_Remedios,2024_Q2_holidays,0.0
H_Remedios,2024_Q3_labor,0.0
H_Remedios,2024_Q3_holidays,0.0
H_Remedios,2024_Q4_labor,0.0
H_Remedios,2024_Q4_holidays,0.0
H_RioBobo,2023_Q1_labor,0.0
H_RioBobo,2023_Q1_holidays,0.0
H_RioBobo,2023_Q2_labor,0.0
H_RioBobo,2023_Q2_holidays,0.0
H_RioBobo,2023_Q3_labor,0.0
H_RioBobo,2023_Q3_holidays,0.0
H_RioBobo,2023_Q4_labor,0.0
H_RioBobo,2023_Q4_holidays,0.0
H_RioBobo,2024_Q1_labor,0.0
H_RioBobo,2024_Q1_holidays,0.0
H_RioBobo,2024_Q2_labor,0.0
H_RioBobo,2024_Q2_holidays,0.0
H_RioBobo,2024_Q3_labor,0.0
H_RioBobo,2024_Q3_holidays,0.0
H_RioBobo,2024_Q4_labor,0.0
H_RioBobo,2024_Q4_holidays,0.0
H_RioCali,2023_Q1_labor,0.0
H_RioCali,2023_Q1_holidays,0.0
H_RioCali,2023_Q2_labor,0.0
H_RioCali,2023_Q2_holidays,0.0
H_RioCali,2023_Q3_labor,0.0
H_RioCali,2023_Q3_holidays,0.0
H_RioCali,2023_Q4_labor,0.0
H_RioCali,2023_Q4_holidays,0.0
H_RioCali,2024_Q1_labor,0.0
H_RioCali,2024_Q1_holidays,0.0
H_RioCali,2024_Q2_labor,0.0
H_RioCali,2024_Q2_holidays,0.0
H_RioCali,2024_Q3_labor,0.0
H_RioCali,2024_Q3_holidays,0.0
H_RioCali,2024_Q4_labor,0.0
H_RioCali,2024_Q4_holidays,0.0
H_RioFrioI,2023_Q1_labor,0.0
H_RioFrioI,2023_Q1_holidays,0.0
H_RioFrioI,2023_Q2_labor,0.0
H_RioFrioI,2023_Q2_holidays,0.0
H_RioFrioI,2023_Q3_labor,0.0
H_RioFrioI,2023_Q3_holidays,0.0
H_RioFrioI,2023_Q4_labor,0.0
H_RioFrioI,2023_Q4_holidays,0.0
H_RioFrioI,2024_Q1_labor,0.0
H_RioFrioI,2024_Q1_holidays,0.0
H_RioFrioI,2024_Q2_labor,0.0
H_RioFrioI,2024_Q2_holidays,0.0
H_RioFrioI,2024_Q3_labor,0.0
H_RioFrioI,2024_Q3_holidays,0.0
H_RioFrioI,2024_Q4_labor,0.0
H_RioFrioI,2024_Q4_holidays,0.0
H_RioFrioII,2023_Q1_labor,0.0
H_RioFrioII,2023_Q1_holidays,0.0
H_RioFrioII,2023_Q2_labor,0.0
H_RioFrioII,2023_Q2_holidays,0.0
H_RioFrioII,2023_Q3_labor,0.0
H_RioFrioII,2023_Q3_holidays,0.0
H_RioFrioII,2023_Q4_labor,0.0
H_RioFrioII,2023_Q4_holidays,0.0
H_RioFrioII,2024_Q1_labor,0.0
H_RioFrioII,2024_Q1_holidays,0.0
H_RioFrioII,2024_Q2_labor,0.0
H_RioFrioII,2024_Q2_holidays,0.0
H_RioFrioII,2024_Q3_labor,0.0
H_RioFrioII,2024_Q3_holidays,0.0
H_RioFrioII,2024_Q4_labor,0.0
H_RioFrioII,2024_Q4_holidays,0.0
H_RioFrioTam,2023_Q1_labor,0.0
H_RioFrioTam,2023_Q1_holidays,0.0
H_RioFrioTam,2023_Q2_labor,0.0
H_RioFrioTam,2023_Q2_holidays,0.0
H_RioFrioTam,2023_Q3_labor,0.0
H_RioFrioTam,2023_Q3_holidays,0.0
H_RioFrioTam,2023_Q4_labor,0.0
H_RioFrioTam,2023_Q4_holidays,0.0
H_RioFrioTam,2024_Q1_labor,0.0
H_RioFrioTam,2024_Q1_holidays,0.0
H_RioFrioTam,2024_Q2_labor,0.0
H_RioFrioTam,2024_Q2_holidays,0.0
H_RioFrioTam,2024_Q3_labor,0.0
H_RioFrioTam,2024_Q3_holidays,0.0
H_RioFrioTam,2024_Q4_labor,0.0
H_RioFrioTam,2024_Q4_holidays,0.0
H_RioGrande,2023_Q1_labor,0.0
H_RioGrande,2023_Q1_holidays,0.0
H_RioGrande,2023_Q2_labor,0.0
H_RioGrande,2023_Q2_holidays,0.0
H_RioGrande,2023_Q3_labor,0.0
H_RioGrande,2023_Q3_holidays,0.0
H_RioGrande,2023_Q4_labor,0.0
H_RioGrande,2023_Q4_holidays,0.0
H_RioGrande,2024_Q1_labor,0.0
H_RioGrande,2024_Q1_holidays,0.0
H_RioGrande,2024_Q2_labor,0.0
H_RioGrande,2024_Q2_holidays,0.0
H_RioGrande,2024_Q3_labor,0.0
H_RioGrande,2024_Q3_holidays,0.0
H_RioGrande,2024_Q4_labor,0.0
H_RioGrande,2024_Q4_holidays,0.0
H_RioMayo,2023_Q1_labor,0.0
H_RioMayo,2023_Q1_holidays,0.0
H_RioMayo,2023_Q2_labor,0.0
H_RioMayo,2023_Q2_holidays,0.0
H_RioMayo,2023_Q3_labor,0.0
H_RioMayo,2023_Q3_holidays,0.0
H_RioMayo,2023_Q4_labor,0.0
H_RioMayo,2023_Q4_holidays,0.0
H_RioMayo,2024_Q1_labor,0.0
H_RioMayo,2024_Q1_holidays,0.0
H_RioMayo,2024_Q2_labor,0.0
H_RioMayo,2024_Q2_holidays,0.0
H_RioMayo,2024_Q3_labor,0.0
H_RioMayo,2024_Q3_holidays,0.0
H_RioMayo,2024_Q4_labor,0.0
H_RioMayo,2024_Q4_holidays,0.0
H_RioMulato2,2023_Q1_labor,0.0
H_RioMulato2,2023_Q1_holidays,0.0
H_RioMulato2,2023_Q2_labor,0.0
H_RioMulato2,2023_Q2_holidays,0.0
H_RioMulato2,2023_Q3_labor,0.0
H_RioMulato2,2023_Q3_holidays,0.0
H_RioMulato2,2023_Q4_labor,0.0
H_RioMulato2,2023_Q4_holidays,0.0
H_RioMulato2,2024_Q1_labor,0.0
H_RioMulato2,2024_Q1_holidays,0.0
H_RioMulato2,2024_Q2_labor,0.0
H_RioMulato2,2024_Q2_holidays,0.0
H_RioMulato2,2024_Q3_labor,0.0
H_RioMulato2,2024_Q3_holidays,0.0
H_RioMulato2,2024_Q4_labor,0.0
H_RioMulato2,2024_Q4_holidays,0.0
H_RioNegro,2023_Q1_labor,0.0
H_RioNegro,2023_Q1_holidays,0.0
H_RioNegro,2023_Q2_labor,0.0
H_RioNegro,2023_Q2_holidays,0.0
H_RioNegro,2023_Q3_labor,0.0
H_RioNegro,2023_Q3_holidays,0.0
H_RioNegro,2023_Q4_labor,0.0
H_RioNegro,2023_Q4_holidays,0.0
H_RioNegro,2024_Q1_labor,0.0
H_RioNegro,2024_Q1_holidays,0.0
H_RioNegro,2024_Q2_labor,0.0
H_RioNegro,2024_Q2_holidays,0.0
H_RioNegro,2024_Q3_labor,0.0
H_RioNegro,2024_Q3_holidays,0.0
H_RioNegro,2024_Q4_labor,0.0
H_RioNegro,2024_Q4_holidays,0.0
H_RioPalo,2023_Q1_labor,0.0
H_RioPalo,2023_Q1_holidays,0.0
H_RioPalo,2023_Q2_labor,0.0
H_RioPalo,2023_Q2_holidays,0.0
H_RioPalo,2023_Q3_labor,0.0
H_RioPalo,2023_Q3_holidays,0.0
H_RioPalo,2023_Q4_labor,0.0
H_RioPalo,2023_Q4_holidays,0.0
H_RioPalo,2024_Q1_labor,0.0
H_RioPalo,2024_Q1_holidays,0.0
H_RioPalo,2024_Q2_labor,0.0
H_RioPalo,2024_Q2_holidays,0.0
H_RioPalo,2024_Q3_labor,0.0
H_RioPalo,2024_Q3_holidays,0.0
H_RioPalo,2024_Q4_labor,0.0
H_RioPalo,2024_Q4_holidays,0.0
H_RioPiedras,2023_Q1_labor,0.0
H_RioPiedras,2023_Q1_holidays,0.0
H_RioPiedras,2023_Q2_labor,0.0
H_RioPiedras,2023_Q2_holidays,0.0
H_RioPiedras,2023_Q3_labor,0.0
H_RioPiedras,2023_Q3_holidays,0.0
H_RioPiedras,2023_Q4_labor,0.0
H_RioPiedras,2023_Q4_holidays,0.0
H_RioPiedras,2024_Q1_labor,0.0
H_RioPiedras,2024_Q1_holidays,0.0
H_RioPiedras,2024_Q2_labor,0.0
H_RioPiedras,2024_Q2_holidays,0.0
H_RioPiedras,2024_Q3_labor,0.0
H_RioPiedras,2024_Q3_holidays,0.0
H_RioPiedras,2024_Q4_labor,0.0
H_RioPiedras,2024_Q4_holidays,0.0
H_RioSapuye,2023_Q1_labor,0.0
H_RioSapuye,2023_Q1_holidays,0.0
H_RioSapuye,2023_Q2_labor,0.0
H_RioSapuye,2023_Q2_holidays,0.0
H_RioSapuye,2023_Q3_labor,0.0
H_RioSapuye,2023_Q3_holidays,0.0
H_RioSapuye,2023_Q4_labor,0.0
H_RioSapuye,2023_Q4_holidays,0.0
H_RioSapuye,2024_Q1_labor,0.0
H_RioSapuye,2024_Q1_holidays,0.0
H_RioSapuye,2024_Q2_labor,0.0
H_RioSapuye,2024_Q2_holidays,0.0
H_RioSapuye,2024_Q3_labor,0.0
H_RioSapuye,2024_Q3_holidays,0.0
H_RioSapuye,2024_Q4_labor,0.0
H_RioSapuye,2024_Q4_holidays,0.0
H_Rio_Recio,2023_Q1_labor,0.0
H_Rio_Recio,2023_Q1_holidays,0.0
H_Rio_Recio,2023_Q2_labor,0.0
H_Rio_Recio,2023_Q2_holidays,0.0
H_Rio_Recio,2023_Q3_labor,0.0
H_Rio_Recio,2023_Q3_holidays,0.0
H_Rio_Recio,2023_Q4_labor,0.0
H_Rio_Recio,2023_Q4_holidays,0.0
H_Rio_Recio,2024_Q1_labor,0.0
H_Rio_Recio,2024_Q1_holidays,0.0
H_Rio_Recio,2024_Q2_labor,0.0
H_Rio_Recio,2024_Q2_holidays,0.0
H_Rio_Recio,2024_Q3_labor,0.0
H_Rio_Recio,2024_Q3_holidays,0.0
H_Rio_Recio,2024_Q4_labor,0.0
H_Rio_Recio,2024_Q4_holidays,0.0
H_Rumor,2023_Q1_labor,0.0
H_Rumor,2023_Q1_holidays,0.0
H_Rumor,2023_Q2_labor,0.0
H_Rumor,2023_Q2_holidays,0.0
H_Rumor,2023_Q3_labor,0.0
H_Rumor,2023_Q3_holidays,0.0
H_Rumor,2023_Q4_labor,0.0
H_Rumor,2023_Q4_holidays,0.0
H_Rumor,2024_Q1_labor,0.0
H_Rumor,2024_Q1_holidays,0.0
H_Rumor,2024_Q2_labor,0.0
H_Rumor,2024_Q2_holidays,0.0
H_Rumor,2024_Q3_labor,0.0
H_Rumor,2024_Q3_holidays,0.0
H_Rumor,2024_Q4_labor,0.0
H_Rumor,2024_Q4_holidays,0.0
H_SBartolome,2023_Q1_labor,0.0
H_SBartolome,2023_Q1_holidays,0.0
H_SBartolome,2023_Q2_labor,0.0
H_SBartolome,2023_Q2_holidays,0.0
H_SBartolome,2023_Q3_labor,0.0
H_SBartolome,2023_Q3_holidays,0.0
H_SBartolome,2023_Q4_labor,0.0
H_SBartolome,2023_Q4_holidays,0.0
H_SBartolome,2024_Q1_labor,0.0
H_SBartolome,2024_Q1_holidays,0.0
H_SBartolome,2024_Q2_labor,0.0
H_SBartolome,2024_Q2_holidays,0.0
H_SBartolome,2024_Q3_labor,0.0
H_SBartolome,2024_Q3_holidays,0.0
H_SBartolome,2024_Q4_labor,0.0
H_SBartolome,2024_Q4_holidays,0.0
H_SFrancisPu,2023_Q1_labor,0.0
H_SFrancisPu,2023_Q1_holidays,0.0
H_SFrancisPu,2023_Q2_labor,0.0
H_SFrancisPu,2023_Q2_holidays,0.0
H_SFrancisPu,2023_Q3_labor,0.0
H_SFrancisPu,2023_Q3_holidays,0.0
H_SFrancisPu,2023_Q4_labor,0.0
H_SFrancisPu,2023_Q4_holidays,0.0
H_SFrancisPu,2024_Q1_labor,0.0
H_SFrancisPu,2024_Q1_holidays,0.0
H_SFrancisPu,2024_Q2_labor,0.0
H_SFrancisPu,2024_Q2_holidays,0.0
H_SFrancisPu,2024_Q3_labor,0.0
H_SFrancisPu,2024_Q3_holidays,0.0
H_SFrancisPu,2024_Q4_labor,0.0
H_SFrancisPu,2024_Q4_holidays,0.0
H_Sajandi,2023_Q1_labor,0.0
H_Sajandi,2023_Q1_holidays,0.0
H_Sajandi,2023_Q2_labor,0.0
H_Sajandi,2023_Q2_holidays,0.0
H_Sajandi,2023_Q3_labor,0.0
H_Sajandi,2023_Q3_holidays,0.0
H_Sajandi,2023_Q4_labor,0.0
H_Sajandi,2023_Q4_holidays,0.0
H_Sajandi,2024_Q1_labor,0.0
H_Sajandi,2024_Q1_holidays,0.0
H_Sajandi,2024_Q2_labor,0.0
H_Sajandi,2024_Q2_holidays,0.0
H_Sajandi,2024_Q3_labor,0.0
H_Sajandi,2024_Q3_holidays,0.0
H_Sajandi,2024_Q4_labor,0.0
H_Sajandi,2024_Q4_holidays,0.0
H_SanAndres2,2023_Q1_labor,0.0
H_SanAndres2,2023_Q1_holidays,0.0
H_SanAndres2,2023_Q2_labor,0.0
H_SanAndres2,2023_Q2_holidays,0.0
H_SanAndres2,2023_Q3_labor,0.0
H_SanAndres2,2023_Q3_holidays,0.0
H_SanAndres2,2023_Q4_labor,0.0
H_SanAndres2,2023_Q4_holidays,0.0
H_SanAndres2,2024_Q1_labor,0.0
H_SanAndres2,2024_Q1_holidays,0.0
H_SanAndres2,2024_Q2_labor,0.0
H_SanAndres2,2024_Q2_holidays,0.0
H_SanAndres2,2024_Q3_labor,0.0
H_SanAndres2,2024_Q3_holidays,0.0
H_SanAndres2,2024_Q4_labor,0.0
H_SanAndres2,2024_Q4_holidays,0.0
H_SanCancio,2023_Q1_labor,0.0
H_SanCancio,2023_Q1_holidays,0.0
H_SanCancio,2023_Q2_labor,0.0
H_SanCancio,2023_Q2_holidays,0.0
H_SanCancio,2023_Q3_labor,0.0
H_SanCancio,2023_Q3_holidays,0.0
H_SanCancio,2023_Q4_labor,0.0
H_SanCancio,2023_Q4_holidays,0.0
H_SanCancio,2024_Q1_labor,0.0
H_SanCancio,2024_Q1_holidays,0.0
H_SanCancio,2024_Q2_labor,0.0
H_SanCancio,2024_Q2_holidays,0.0
H_SanCancio,2024_Q3_labor,0.0
H_SanCancio,2024_Q3_holidays,0.0
H_SanCancio,2024_Q4_labor,0.0
H_SanCancio,2024_Q4_holidays,0.0
H_SanJosMoII,2023_Q1_labor,0.0
H_SanJosMoII,2023_Q1_holidays,0.0
H_SanJosMoII,2023_Q2_labor,0.0
H_SanJosMoII,2023_Q2_holidays,0.0
H_SanJosMoII,2023_Q3_labor,0.0
H_SanJosMoII,2023_Q3_holidays,0.0
H_SanJosMoII,2023_Q4_labor,0.0
H_SanJosMoII,2023_Q4_holidays,0.0
H_SanJosMoII,2024_Q1_labor,0.0
H_SanJosMoII,2024_Q1_holidays,0.0
H_SanJosMoII,2024_Q2_labor,0.0
H_SanJosMoII,2024_Q2_holidays,0.0
H_SanJosMoII,2024_Q3_labor,0.0
H_SanJosMoII,2024_Q3_holidays,0.0
H_SanJosMoII,2024_Q4_labor,0.0
H_SanJosMoII,2024_Q4_holidays,0.0
H_SanJose,2023_Q1_labor,0.0
H_SanJose,2023_Q1_holidays,0.0
H_SanJose,2023_Q2_labor,0.0
H_SanJose,2023_Q2_holidays,0.0
H_SanJose,2023_Q3_labor,0.0
H_SanJose,2023_Q3_holidays,0.0
H_SanJose,2023_Q4_labor,0.0
H_SanJose,2023_Q4_holidays,0.0
H_SanJose,2024_Q1_labor,0.0
H_SanJose,2024_Q1_holidays,0.0
H_SanJose,2024_Q2_labor,0.0
H_SanJose,2024_Q2_holidays,0.0
H_SanJose,2024_Q3_labor,0.0
H_SanJose,2024_Q3_holidays,0.0
H_SanJose,2024_Q4_labor,0.0
H_SanJose,2024_Q4_holidays,0.0
H_SanMatias,2023_Q1_labor,0.0
H_SanMatias,2023_Q1_holidays,0.0
H_SanMatias,2023_Q2_labor,0.0
H_SanMatias,2023_Q2_holidays,0.0
H_SanMatias,2023_Q3_labor,0.0
H_SanMatias,2023_Q3_holidays,0.0
H_SanMatias,2023_Q4_labor,0.0
H_SanMatias,2023_Q4_holidays,0.0
H_SanMatias,2024_Q1_labor,0.0
H_SanMatias,2024_Q1_holidays,0.0
H_SanMatias,2024_Q2_labor,0.0
H_SanMatias,2024_Q2_holidays,0.0
H_SanMatias,2024_Q3_labor,0.0
H_SanMatias,2024_Q3_holidays,0.0
H_SanMatias,2024_Q4_labor,0.0
H_SanMatias,2024_Q4_holidays,0.0
H_SantaAna,2023_Q1_labor,0.0
H_SantaAna,2023_Q1_holidays,0.0
H_SantaAna,2023_Q2_labor,0.0
H_SantaAna,2023_Q2_holidays,0.0
H_SantaAna,2023_Q3_labor,0.0
H_SantaAna,2023_Q3_holidays,0.0
H_SantaAna,2023_Q4_labor,0.0
H_SantaAna,2023_Q4_holidays,0.0
H_SantaAna,2024_Q1_labor,0.0
H_SantaAna,2024_Q1_holidays,0.0
H_SantaAna,2024_Q2_labor,0.0
H_SantaAna,2024_Q2_holidays,0.0
H_SantaAna,2024_Q3_labor,0.0
H_SantaAna,2024_Q3_holidays,0.0
H_SantaAna,2024_Q4_labor,0.0
H_SantaAna,2024_Q4_holidays,0.0
H_SantaRita,2023_Q1_labor,0.0
H_SantaRita,2023_Q1_holidays,0.0
H_SantaRita,2023_Q2_labor,0.0
H_SantaRita,2023_Q2_holidays,0.0
H_SantaRita,2023_Q3_labor,0.0
H_SantaRita,2023_Q3_holidays,0.0
H_SantaRita,2023_Q4_labor,0.0
H_SantaRita,2023_Q4_holidays,0.0
H_SantaRita,2024_Q1_labor,0.0
H_SantaRita,2024_Q1_holidays,0.0
H_SantaRita,2024_Q2_labor,0.0
H_SantaRita,2024_Q2_holidays,0.0
H_SantaRita,2024_Q3_labor,0.0
H_SantaRita,2024_Q3_holidays,0.0
H_SantaRita,2024_Q4_labor,0.0
H_SantaRita,2024_Q4_holidays,0.0
H_Santiago,2023_Q1_labor,0.0
H_Santiago,2023_Q1_holidays,0.0
H_Santiago,2023_Q2_labor,0.0
H_Santiago,2023_Q2_holidays,0.0
H_Santiago,2023_Q3_labor,0.0
H_Santiago,2023_Q3_holidays,0.0
H_Santiago,2023_Q4_labor,0.0
H_Santiago,2023_Q4_holidays,0.0
H_Santiago,2024_Q1_labor,0.0
H_Santiago,2024_Q1_holidays,0.0
H_Santiago,2024_Q2_labor,0.0
H_Santiago,2024_Q2_holidays,0.0
H_Santiago,2024_Q3_labor,0.0
H_Santiago,2024_Q3_holidays,0.0
H_Santiago,2024_Q4_labor,0.0
H_Santiago,2024_Q4_holidays,0.0
H_Silvia,2023_Q1_labor,0.0
H_Silvia,2023_Q1_holidays,0.0
H_Silvia,2023_Q2_labor,0.0
H_Silvia,2023_Q2_holidays,0.0
H_Silvia,2023_Q3_labor,0.0
H_Silvia,2023_Q3_holidays,0.0
H_Silvia,2023_Q4_labor,0.0
H_Silvia,2023_Q4_holidays,0.0
H_Silvia,2024_Q1_labor,0.0
H_Silvia,2024_Q1_holidays,0.0
H_Silvia,2024_Q2_labor,0.0
H_Silvia,2024_Q2_holidays,0.0
H_Silvia,2024_Q3_labor,0.0
H_Silvia,2024_Q3_holidays,0.0
H_Silvia,2024_Q4_labor,0.0
H_Silvia,2024_Q4_holidays,0.0
H_Suba,2023_Q1_labor,0.0
H_Suba,2023_Q1_holidays,0.0
H_Suba,2023_Q2_labor,0.0
H_Suba,2023_Q2_holidays,0.0
H_Suba,2023_Q3_labor,0.0
H_Suba,2023_Q3_holidays,0.0
H_Suba,2023_Q4_labor,0.0
H_Suba,2023_Q4_holidays,0.0
H_Suba,2024_Q1_labor,0.0
H_Suba,2024_Q1_holidays,0.0
H_Suba,2024_Q2_labor,0.0
H_Suba,2024_Q2_holidays,0.0
H_Suba,2024_Q3_labor,0.0
H_Suba,2024_Q3_holidays,0.0
H_Suba,2024_Q4_labor,0.0
H_Suba,2024_Q4_holidays,0.0
H_Sueva2,2023_Q1_labor,0.0
H_Sueva2,2023_Q1_holidays,0.0
H_Sueva2,2023_Q2_labor,0.0
H_Sueva2,2023_Q2_holidays,0.0
H_Sueva2,2023_Q3_labor,0.0
H_Sueva2,2023_Q3_holidays,0.0
H_Sueva2,2023_Q4_labor,0.0
H_Sueva2,2023_Q4_holidays,0.0
H_Sueva2,2024_Q1_labor,0.0
H_Sueva2,2024_Q1_holidays,0.0
H_Sueva2,2024_Q2_labor,0.0
H_Sueva2,2024_Q2_holidays,0.0
H_Sueva2,2024_Q3_labor,0.0
H_Sueva2,2024_Q3_holidays,0.0
H_Sueva2,2024_Q4_labor,0.0
H_Sueva2,2024_Q4_holidays,0.0
H_Tunjita,2023_Q1_labor,0.0
H_Tunjita,2023_Q1_holidays,0.0
H_Tunjita,2023_Q2_labor,0.0
H_Tunjita,2023_Q2_holidays,0.0
H_Tunjita,2023_Q3_labor,0.0
H_Tunjita,2023_Q3_holidays,0.0
H_Tunjita,2023_Q4_labor,0.0
H_Tunjita,2023_Q4_holidays,0.0
H_Tunjita,2024_Q1_labor,0.0
H_Tunjita,2024_Q1_holidays,0.0
H_Tunjita,2024_Q2_labor,0.0
H_Tunjita,2024_Q2_holidays,0.0
H_Tunjita,2024_Q3_labor,0.0
H_Tunjita,2024_Q3_holidays,0.0
H_Tunjita,2024_Q4_labor,0.0
H_Tunjita,2024_Q4_holidays,0.0
H_Union,2023_Q1_labor,0.0
H_Union,2023_Q1_holidays,0.0
H_Union,2023_Q2_labor,0.0
H_Union,2023_Q2_holidays,0.0
H_Union,2023_Q3_labor,0.0
H_Union,2023_Q3_holidays,0.0
H_Union,2023_Q4_labor,0.0
H_Union,2023_Q4_holidays,0.0
H_Union,2024_Q1_labor,0.0
H_Union,2024_Q1_holidays,0.0
H_Union,2024_Q2_labor,0.0
H_Union,2024_Q2_holidays,0.0
H_Union,2024_Q3_labor,0.0
H_Union,2024_Q3_holidays,0.0
H_Union,2024_Q4_labor,0.0
H_Union,2024_Q4_holidays,0.0
H_Urrao,2023_Q1_labor,0.0
H_Urrao,2023_Q1_holidays,0.0
H_Urrao,2023_Q2_labor,0.0
H_Urrao,2023_Q2_holidays,0.0
H_Urrao,2023_Q3_labor,0.0
H_Urrao,2023_Q3_holidays,0.0
H_Urrao,2023_Q4_labor,0.0
H_Urrao,2023_Q4_holidays,0.0
H_Urrao,2024_Q1_labor,0.0
H_Urrao,2024_Q1_holidays,0.0
H_Urrao,2024_Q2_labor,0.0
H_Urrao,2024_Q2_holidays,0.0
H_Urrao,2024_Q3_labor,0.0
H_Urrao,2024_Q3_holidays,0.0
H_Urrao,2024_Q4_labor,0.0
H_Urrao,2024_Q4_holidays,0.0
H_Usaquen,2023_Q1_labor,0.0
H_Usaquen,2023_Q1_holidays,0.0
H_Usaquen,2023_Q2_labor,0.0
H_Usaquen,2023_Q2_holidays,0.0
H_Usaquen,2023_Q3_labor,0.0
H_Usaquen,2023_Q3_holidays,0.0
H_Usaquen,2023_Q4_labor,0.0
H_Usaquen,2023_Q4_holidays,0.0
H_Usaquen,2024_Q1_labor,0.0
H_Usaquen,2024_Q1_holidays,0.0
H_Usaquen,2024_Q2_labor,0.0
H_Usaquen,2024_Q2_holidays,0.0
H_Usaquen,2024_Q3_labor,0.0
H_Usaquen,2024_Q3_holidays,0.0
H_Usaquen,2024_Q4_labor,0.0
H_Usaquen,2024_Q4_holidays,0.0
H_VentanaA,2023_Q1_labor,0.0
H_VentanaA,2023_Q1_holidays,0.0
H_VentanaA,2023_Q2_labor,0.0
H_VentanaA,2023_Q2_holidays,0.0
H_VentanaA,2023_Q3_labor,0.0
H_VentanaA,2023_Q3_holidays,0.0
H_VentanaA,2023_Q4_labor,0.0
H_VentanaA,2023_Q4_holidays,0.0
H_VentanaA,2024_Q1_labor,0.0
H_VentanaA,2024_Q1_holidays,0.0
H_VentanaA,2024_Q2_labor,0.0
H_VentanaA,2024_Q2_holidays,0.0
H_VentanaA,2024_Q3_labor,0.0
H_VentanaA,2024_Q3_holidays,0.0
H_VentanaA,2024_Q4_labor,0.0
H_VentanaA,2024_Q4_holidays,0.0
H_VentanaB,2023_Q1_labor,0.0
H_VentanaB,2023_Q1_holidays,0.0
H_VentanaB,2023_Q2_labor,0.0
H_VentanaB,2023_Q2_holidays,0.0
H_VentanaB,2023_Q3_labor,0.0
H_VentanaB,2023_Q3_holidays,0.0
H_VentanaB,2023_Q4_labor,0.0
H_VentanaB,2023_Q4_holidays,0.0
H_VentanaB,2024_Q1_labor,0.0
H_VentanaB,2024_Q1_holidays,0.0
H_VentanaB,2024_Q2_labor,0.0
H_VentanaB,2024_Q2_holidays,0.0
H_VentanaB,2024_Q3_labor,0.0
H_VentanaB,2024_Q3_holidays,0.0
H_VentanaB,2024_Q4_labor,0.0
H_VentanaB,2024_Q4_holidays,0.0
H_Violetas,2023_Q1_labor,0.0
H_Violetas,2023_Q1_holidays,0.0
H_Violetas,2023_Q2_labor,0.0
H_Violetas,2023_Q2_holidays,0.0
H_Violetas,2023_Q3_labor,0.0
H_Violetas,2023_Q3_holidays,0.0
H_Violetas,2023_Q4_labor,0.0
H_Violetas,2023_Q4_holidays,0.0
H_Violetas,2024_Q1_labor,0.0
H_Violetas,2024_Q1_holidays,0.0
H_Violetas,2024_Q2_labor,0.0
H_Violetas,2024_Q2_holidays,0.0
H_Violetas,2024_Q3_labor,0.0
H_Violetas,2024_Q3_holidays,0.0
H_Violetas,2024_Q4_labor,0.0
H_Violetas,2024_Q4_holidays,0.0
H_Zeus,2023_Q1_labor,0.0
H_Zeus,2023_Q1_holidays,0.0
H_Zeus,2023_Q2_labor,0.0
H_Zeus,2023_Q2_holidays,0.0
H_Zeus,2023_Q3_labor,0.0
H_Zeus,2023_Q3_holidays,0.0
H_Zeus,2023_Q4_labor,0.0
H_Zeus,2023_Q4_holidays,0.0
H_Zeus,2024_Q1_labor,0.0
H_Zeus,2024_Q1_holidays,0.0
H_Zeus,2024_Q2_labor,0.0
H_Zeus,2024_Q2_holidays,0.0
H_Zeus,2024_Q3_labor,0.0
H_Zeus,2024_Q3_holidays,0.0
H_Zeus,2024_Q4_labor,0.0
H_Zeus,2024_Q4_holidays,0.0
INSULA,2023_Q1_labor,0.0
INSULA,2023_Q1_holidays,0.0
INSULA,2023_Q2_labor,0.0
INSULA,2023_Q2_holidays,0.0
INSULA,2023_Q3_labor,0.0
INSULA,2023_Q3_holidays,0.0
INSULA,2023_Q4_labor,0.0
INSULA,2023_Q4_holidays,0.0
INSULA,2024_Q1_labor,0.0
INSULA,2024_Q1_holidays,0.0
INSULA,2024_Q2_labor,0.0
INSULA,2024_Q2_holidays,0.0
INSULA,2024_Q3_labor,0.0
INSULA,2024_Q3_holidays,0.0
INSULA,2024_Q4_labor,0.0
INSULA,2024_Q4_holidays,0.0
ITUANGO,2023_Q1_labor,0.0
ITUANGO,2023_Q1_holidays,0.0
ITUANGO,2023_Q2_labor,0.0
ITUANGO,2023_Q2_holidays,0.0
ITUANGO,2023_Q3_labor,0.0
ITUANGO,2023_Q3_holidays,0.0
ITUANGO,2023_Q4_labor,0.0
ITUANGO,2023_Q4_holidays,0.0
ITUANGO,2024_Q1_labor,0.0
ITUANGO,2024_Q1_holidays,0.0
ITUANGO,2024_Q2_labor,0.0
ITUANGO,2024_Q2_holidays,0.0
ITUANGO,2024_Q3_labor,0.0
ITUANGO,2024_Q3_holidays,0.0
ITUANGO,2024_Q4_labor,0.0
ITUANGO,2024_Q4_holidays,0.0
JAGUAS,2023_Q1_labor,0.0
JAGUAS,2023_Q1_holidays,0.0
JAGUAS,2023_Q2_labor,0.0
JAGUAS,2023_Q2_holidays,0.0
JAGUAS,2023_Q3_labor,0.0
JAGUAS,2023_Q3_holidays,0.0
JAGUAS,2023_Q4_labor,0.0
JAGUAS,2023_Q4_holidays,0.0
JAGUAS,2024_Q1_labor,0.0
JAGUAS,2024_Q1_holidays,0.0
JAGUAS,2024_Q2_labor,0.0
JAGUAS,2024_Q2_holidays,0.0
JAGUAS,2024_Q3_labor,0.0
JAGUAS,2024_Q3_holidays,0.0
JAGUAS,2024_Q4_labor,0.0
JAGUAS,2024_Q4_holidays,0.0
LA TASAJERA,2023_Q1_labor,0.0
LA TASAJERA,2023_Q1_holidays,0.0
LA TASAJERA,2023_Q2_labor,0.0
LA TASAJERA,2023_Q2_holidays,0.0
LA TASAJERA,2023_Q3_labor,0.0
LA TASAJERA,2023_Q3_holidays,0.0
LA TASAJERA,2023_Q4_labor,0.0
LA TASAJERA,2023_Q4_holidays,0.0
LA TASAJERA,2024_Q1_labor,0.0
LA TASAJERA,2024_Q1_holidays,0.0
LA TASAJERA,2024_Q2_labor,0.0
LA TASAJERA,2024_Q2_holidays,0.0
LA TASAJERA,2024_Q3_labor,0.0
LA TASAJERA,2024_Q3_holidays,0.0
LA TASAJERA,2024_Q4_labor,0.0
LA TASAJERA,2024_Q4_holidays,0.0
MIEL I,2023_Q1_labor,0.0
MIEL I,2023_Q1_holidays,0.0
MIEL I,2023_Q2_labor,0.0
MIEL I,2023_Q2_holidays,0.0
MIEL I,2023_Q3_labor,0.0
MIEL I,2023_Q3_holidays,0.0
MIEL I,2023_Q4_labor,0.0
MIEL I,2023_Q4_holidays,0.0
MIEL I,2024_Q1_labor,0.0
MIEL I,2024_Q1_holidays,0.0
MIEL I,2024_Q2_labor,0.0
MIEL I,2024_Q2_holidays,0.0
MIEL I,2024_Q3_labor,0.0
MIEL I,2024_Q3_holidays,0.0
MIEL I,2024_Q4_labor,0.0
MIEL I,2024_Q4_holidays,0.0
PLAYAS,2023_Q1_labor,0.0
PLAYAS,2023_Q1_holidays,0.0
PLAYAS,2023_Q2_labor,0.0
PLAYAS,2023_Q2_holidays,0.0
PLAYAS,2023_Q3_labor,0.0
PLAYAS,2023_Q3_holidays,0.0
PLAYAS,2023_Q4_labor,0.0
PLAYAS,2023_Q4_holidays,0.0
PLAYAS,2024_Q1_labor,0.0
PLAYAS,2024_Q1_holidays,0.0
PLAYAS,2024_Q2_labor,0.0
PLAYAS,2024_Q2_holidays,0.0
PLAYAS,2024_Q3_labor,0.0
PLAYAS,2024_Q3_holidays,0.0
PLAYAS,2024_Q4_labor,0.0
PLAYAS,2024_Q4_holidays,0.0
PORCE II,2023_Q1_labor,0.0
PORCE II,2023_Q1_holidays,0.0
PORCE II,2023_Q2_labor,0.0
PORCE II,2023_Q2_holidays,0.0
PORCE II,2023_Q3_labor,0.0
PORCE II,2023_Q3_holidays,0.0
PORCE II,2023_Q4_labor,0.0
PORCE II,2023_Q4_holidays,0.0
PORCE II,2024_Q1_labor,0.0
PORCE II,2024_Q1_holidays,0.0
PORCE II,2024_Q2_labor,0.0
PORCE II,2024_Q2_holidays,0.0
PORCE II,2024_Q3_labor,0.0
PORCE II,2024_Q3_holidays,0.0
PORCE II,2024_Q4_labor,0.0
PORCE II,2024_Q4_holidays,0.0
PORCE III,2023_Q1_labor,0.0
PORCE III,2023_Q1_holidays,0.0
PORCE III,2023_Q2_labor,0.0
PORCE III,2023_Q2_holidays,0.0
PORCE III,2023_Q3_labor,0.0
PORCE III,2023_Q3_holidays,0.0
PORCE III,2023_Q4_labor,0.0
PORCE III,2023_Q4_holidays,0.0
PORCE III,2024_Q1_labor,0.0
PORCE III,2024_Q1_holidays,0.0
PORCE III,2024_Q2_labor,0.0
PORCE III,2024_Q2_holidays,0.0
PORCE III,2024_Q3_labor,0.0
PORCE III,2024_Q3_holidays,0.0
PORCE III,2024_Q4_labor,0.0
PORCE III,2024_Q4_holidays,0.0
PRADO,2023_Q1_labor,0.0
PRADO,2023_Q1_holidays,0.0
PRADO,2023_Q2_labor,0.0
PRADO,2023_Q2_holidays,0.0
PRADO,2023_Q3_labor,0.0
PRADO,2023_Q3_holidays,0.0
PRADO,2023_Q4_labor,0.0
PRADO,2023_Q4_holidays,0.0
PRADO,2024_Q1_labor,0.0
PRADO,2024_Q1_holidays,0.0
PRADO,2024_Q2_labor,0.0
PRADO,2024_Q2_holidays,0.0
PRADO,2024_Q3_labor,0.0
PRADO,2024_Q3_holidays,0.0
PRADO,2024_Q4_labor,0.0
PRADO,2024_Q4_holidays,0.0
PRADO4,2023_Q1_labor,0.0
PRADO4,2023_Q1_holidays,0.0
PRADO4,2023_Q2_labor,0.0
PRADO4,2023_Q2_holidays,0.0
PRADO4,2023_Q3_labor,0.0
PRADO4,2023_Q3_holidays,0.0
PRADO4,2023_Q4_labor,0.0
PRADO4,2023_Q4_holidays,0.0
PRADO4,2024_Q1_labor,0.0
PRADO4,2024_Q1_holidays,0.0
PRADO4,2024_Q2_labor,0.0
PRADO4,2024_Q2_holidays,0.0
PRADO4,2024_Q3_labor,0.0
PRADO4,2024_Q3_holidays,0.0
PRADO4,2024_Q4_labor,0.0
PRADO4,2024_Q4_holidays,0.0
RIOGRANDE 1,2023_Q1_labor,0.0
RIOGRANDE 1,2023_Q1_holidays,0.0
RIOGRANDE 1,2023_Q2_labor,0.0
RIOGRANDE 1,2023_Q2_holidays,0.0
RIOGRANDE 1,2023_Q3_labor,0.0
RIOGRANDE 1,2023_Q3_holidays,0.0
RIOGRANDE 1,2023_Q4_labor,0.0
RIOGRANDE 1,2023_Q4_holidays,0.0
RIOGRANDE 1,2024_Q1_labor,0.0
RIOGRANDE 1,2024_Q1_holidays,0.0
RIOGRANDE 1,2024_Q2_labor,0.0
RIOGRANDE 1,2024_Q2_holidays,0.0
RIOGRANDE 1,2024_Q3_labor,0.0
RIOGRANDE 1,2024_Q3_holidays,0.0
RIOGRANDE 1,2024_Q4_labor,0.0
RIOGRANDE 1,2024_Q4_holidays,0.0
SALTO II,2023_Q1_labor,0.0
SALTO II,2023_Q1_holidays,0.0
SALTO II,2023_Q2_labor,0.0
SALTO II,2023_Q2_holidays,0.0
SALTO II,2023_Q3_labor,0.0
SALTO II,2023_Q3_holidays,0.0
SALTO II,2023_Q4_labor,0.0
SALTO II,2023_Q4_holidays,0.0
SALTO II,2024_Q1_labor,0.0
SALTO II,2024_Q1_holidays,0.0
SALTO II,2024_Q2_labor,0.0
SALTO II,2024_Q2_holidays,0.0
SALTO II,2024_Q3_labor,0.0
SALTO II,2024_Q3_holidays,0.0
SALTO II,2024_Q4_labor,0.0
SALTO II,2024_Q4_holidays,0.0
SALVAJINA,2023_Q1_labor,0.0
SALVAJINA,2023_Q1_holidays,0.0
SALVAJINA,2023_Q2_labor,0.0
SALVAJINA,2023_Q2_holidays,0.0
SALVAJINA,2023_Q3_labor,0.0
SALVAJINA,2023_Q3_holidays,0.0
SALVAJINA,2023_Q4_labor,0.0
SALVAJINA,2023_Q4_holidays,0.0
SALVAJINA,2024_Q1_labor,0.0
SALVAJINA,2024_Q1_holidays,0.0
SALVAJINA,2024_Q2_labor,0.0
SALVAJINA,2024_Q2_holidays,0.0
SALVAJINA,2024_Q3_labor,0.0
SALVAJINA,2024_Q3_holidays,0.0
SALVAJINA,2024_Q4_labor,0.0
SALVAJINA,2024_Q4_holidays,0.0
SAN CARLOS,2023_Q1_labor,0.0
SAN CARLOS,2023_Q1_holidays,0.0
SAN CARLOS,2023_Q2_labor,0.0
SAN CARLOS,2023_Q2_holidays,0.0
SAN CARLOS,2023_Q3_labor,0.0
SAN CARLOS,2023_Q3_holidays,0.0
SAN CARLOS,2023_Q4_labor,0.0
SAN CARLOS,2023_Q4_holidays,0.0
SAN CARLOS,2024_Q1_labor,0.0
SAN CARLOS,2024_Q1_holidays,0.0
SAN CARLOS,2024_Q2_labor,0.0
SAN CARLOS,2024_Q2_holidays,0.0
SAN CARLOS,2024_Q3_labor,0.0
SAN CARLOS,2024_Q3_holidays,0.0
SAN CARLOS,2024_Q4_labor,0.0
SAN CARLOS,2024_Q4_holidays,0.0
SANFRANCISCO,2023_Q1_labor,0.0
SANFRANCISCO,2023_Q1_holidays,0.0
SANFRANCISCO,2023_Q2_labor,0.0
SANFRANCISCO,2023_Q2_holidays,0.0
SANFRANCISCO,2023_Q3_labor,0.0
SANFRANCISCO,2023_Q3_holidays,0.0
SANFRANCISCO,2023_Q4_labor,0.0
SANFRANCISCO,2023_Q4_holidays,0.0
SANFRANCISCO,2024_Q1_labor,0.0
SANFRANCISCO,2024_Q1_holidays,0.0
SANFRANCISCO,2024_Q2_labor,0.0
SANFRANCISCO,2024_Q2_holidays,0.0
SANFRANCISCO,2024_Q3_labor,0.0
SANFRANCISCO,2024_Q3_holidays,0.0
SANFRANCISCO,2024_Q4_labor,0.0
SANFRANCISCO,2024_Q4_holidays,0.0
SNMIGUEL,2023_Q1_labor,0.0
SNMIGUEL,2023_Q1_holidays,0.0
SNMIGUEL,2023_Q2_labor,0.0
SNMIGUEL,2023_Q2_holidays,0.0
SNMIGUEL,2023_Q3_labor,0.0
SNMIGUEL,2023_Q3_holidays,0.0
SNMIGUEL,2023_Q4_labor,0.0
SNMIGUEL,2023_Q4_holidays,0.0
SNMIGUEL,2024_Q1_labor,0.0
SNMIGUEL,2024_Q1_holidays,0.0
SNMIGUEL,2024_Q2_labor,0.0
SNMIGUEL,2024_Q2_holidays,0.0
SNMIGUEL,2024_Q3_labor,0.0
SNMIGUEL,2024_Q3_holidays,0.0
SNMIGUEL,2024_Q4_labor,0.0
SNMIGUEL,2024_Q4_holidays,0.0
SOGAMOSO,2023_Q1_labor,0.0
SOGAMOSO,2023_Q1_holidays,0.0
SOGAMOSO,2023_Q2_labor,0.0
SOGAMOSO,2023_Q2_holidays,0.0
SOGAMOSO,2023_Q3_labor,0.0
SOGAMOSO,2023_Q3_holidays,0.0
SOGAMOSO,2023_Q4_labor,0.0
SOGAMOSO,2023_Q4_holidays,0.0
SOGAMOSO,2024_Q1_labor,0.0
SOGAMOSO,2024_Q1_holidays,0.0
SOGAMOSO,2024_Q2_labor,0.0
SOGAMOSO,2024_Q2_holidays,0.0
SOGAMOSO,2024_Q3_labor,0.0
SOGAMOSO,2024_Q3_holidays,0.0
SOGAMOSO,2024_Q4_labor,0.0
SOGAMOSO,2024_Q4_holidays,0.0
TEQUEND1-4,2023_Q1_labor,0.0
TEQUEND1-4,2023_Q1_holidays,0.0
TEQUEND1-4,2023_Q2_labor,0.0
TEQUEND1-4,2023_Q2_holidays,0.0
TEQUEND1-4,2023_Q3_labor,0.0
TEQUEND1-4,2023_Q3_holidays,0.0
TEQUEND1-4,2023_Q4_labor,0.0
TEQUEND1-4,2023_Q4_holidays,0.0
TEQUEND1-4,2024_Q1_labor,0.0
TEQUEND1-4,2024_Q1_holidays,0.0
TEQUEND1-4,2024_Q2_labor,0.0
TEQUEND1-4,2024_Q2_holidays,0.0
TEQUEND1-4,2024_Q3_labor,0.0
TEQUEND1-4,2024_Q3_holidays,0.0
TEQUEND1-4,2024_Q4_labor,0.0
TEQUEND1-4,2024_Q4_holidays,0.0
URRA,2023_Q1_labor,0.0
URRA,2023_Q1_holidays,0.0
URRA,2023_Q2_labor,0.0
URRA,2023_Q2_holidays,0.0
URRA,2023_Q3_labor,0.0
URRA,2023_Q3_holidays,0.0
URRA,2023_Q4_labor,0.0
URRA,2023_Q4_holidays,0.0
URRA,2024_Q1_labor,0.0
URRA,2024_Q1_holidays,0.0
URRA,2024_Q2_labor,0.0
URRA,2024_Q2_holidays,0.0
URRA,2024_Q3_labor,0.0
URRA,2024_Q3_holidays,0.0
URRA,2024_Q4_labor,0.0
URRA,2024_Q4_holidays,0.0
