,Id,Values_Code,Values_Name,Values_Type,Values_Disp,Values_RecType,Values_CompanyCode,Values_EnerSource,Values_OperStartdate,Values_State,Date
0,Sistema,2QBW,EL POPAL,HIDRAULICA,NO DESPACHADO CENTRALMENTE,NORMAL,ISGG,AGUA,2014-03-31,OPERACION,2024-09-02
1,Sistema,2QEK,SALTO II,HIDRAULICA,DESPACHADO CENTRALMENTE,FILO DE AGUA,ENDG,AGUA,2014-06-25,OPERACION,2024-09-02
2,Sistema,2QRL,LA REBUSCA,HIDRAULICA,NO DESPACHADO CENTRALMENTE,GEN. DISTRIBUIDA,HZEG,AGUA,2014-07-24,OPERACION,2024-09-02
3,Sistema,2QV2,BAJO TULUA,HIDRAULICA,NO DESPACHADO CENTRALMENTE,NORMAL,EPSG,AGUA,2015-01-30,OPERACION,2024-09-02
4,Sistema,2R22,LAGUNETA,HIDRAULICA,NO DESPACHADO CENTRALMENTE,NORMAL,ENDG,AGUA,2014-12-17,OPERACION,2024-09-02
5,Sistema,2S6Q,AUTOG YAGUARITO,TERMICA,NO DESPACHADO CENTRALMENTE,AUTOGENERADOR,EMSG,BIOGAS,2016-03-22,OPERACION,2024-09-02
6,Sistema,2S6S,AUTOG ARGOS YUMBO,TERMICA,NO DESPACHADO CENTRALMENTE,AUTOGENERADOR,EPSG,CARBON,2016-03-20,OPERACION,2024-09-02
7,Sistema,2S6U,AUTOG ARGOS EL CAIRO,HIDRAULICA,NO DESPACHADO CENTRALMENTE,AUTOGENERADOR,EPMG,AGUA,2017-09-29,OPERACION,2024-09-02
8,Sistema,2S78,LA FRISOLERA,HIDRAULICA,NO DESPACHADO CENTRALMENTE,GEN. DISTRIBUIDA,GPYG,AGUA,2016-04-29,OPERACION,2024-09-02
9,Sistema,2S8G,AUTOG ARGOS TOLUVIEJO,TERMICA,NO DESPACHADO CENTRALMENTE,AUTOGENERADOR,EPSG,CARBON,2016-03-03,PRUEBAS,2024-09-02
10,Sistema,2S8I,AUTOG REFICAR 1,TERMICA,NO DESPACHADO CENTRALMENTE,AUTOGENERADOR,GECG,GAS,2016-04-26,OPERACION,2024-09-02
11,Sistema,2S8N,GUAVIO MENOR,HIDRAULICA,NO DESPACHADO CENTRALMENTE,NORMAL,ENDG,AGUA,2016-04-27,OPERACION,2024-09-02
12,Sistema,2S8S,DOÑA JUANA,TERMICA,NO DESPACHADO CENTRALMENTE,NORMAL,BDJG,BIOGAS,2016-04-29,OPERACION,2024-09-02
13,Sistema,2S8U,PORCE III MENOR,HIDRAULICA,NO DESPACHADO CENTRALMENTE,NORMAL,EPMG,AGUA,2016-04-25,OPERACION,2024-09-02
14,Sistema,2S9L,EL COCUYO,HIDRAULICA,NO DESPACHADO CENTRALMENTE,GEN. DISTRIBUIDA,PCYG,AGUA,2016-05-20,OPERACION,2024-09-02
15,Sistema,2S9Q,TEQUENDAMA BIOGAS,TERMICA,NO DESPACHADO CENTRALMENTE,NORMAL,VESG,BIOGAS,2016-06-25,OPERACION,2024-09-02
16,Sistema,2SDR,ALEJANDRIA,HIDRAULICA,NO DESPACHADO CENTRALMENTE,NORMAL,GALG,AGUA,2017-03-02,OPERACION,2024-09-02
17,Sistema,2SI1,MORRO AZUL,HIDRAULICA,NO DESPACHADO CENTRALMENTE,NORMAL,RENG,AGUA,2016-09-10,OPERACION,2024-09-02
18,Sistema,2SS2,MAGALLO,HIDRAULICA,NO DESPACHADO CENTRALMENTE,NORMAL,HCCG,AGUA,2016-12-22,OPERACION,2024-09-02
19,Sistema,2SW1,EL EDEN,HIDRAULICA,NO DESPACHADO CENTRALMENTE,NORMAL,PRIG,AGUA,2017-03-02,OPERACION,2024-09-02
20,Sistema,2SXQ,BIOENERGY,COGENERADOR,NO DESPACHADO CENTRALMENTE,COGENERADOR,CHVG,BAGAZO,2017-04-22,OPERACION,2024-09-02
21,Sistema,2T1L,EL MOLINO,HIDRAULICA,NO DESPACHADO CENTRALMENTE,NORMAL,ISGG,AGUA,2017-04-19,OPERACION,2024-09-02
22,Sistema,2T4P,SAN MATIAS,HIDRAULICA,NO DESPACHADO CENTRALMENTE,NORMAL,ISGG,AGUA,2017-04-25,OPERACION,2024-09-02
23,Sistema,2T7D,AUTOG CANTAYUS,HIDRAULICA,NO DESPACHADO CENTRALMENTE,AUTOGENERADOR,GECG,AGUA,2017-05-20,OPERACION,2024-09-02
24,Sistema,2TUT,LUZMA I,HIDRAULICA,NO DESPACHADO CENTRALMENTE,NORMAL,ISGG,AGUA,2017-10-07,OPERACION,2024-09-02
25,Sistema,2TUV,LUZMA II,HIDRAULICA,NO DESPACHADO CENTRALMENTE,NORMAL,ISGG,AGUA,2017-10-07,OPERACION,2024-09-02
26,Sistema,2TYI,AUTOG CELSIA SOLAR YUMBO,SOLAR,NO DESPACHADO CENTRALMENTE,AUTOGENERADOR,EPSG,RAD SOLAR,2017-09-03,OPERACION,2024-09-02
27,Sistema,2U1G,LAS PALMAS,HIDRAULICA,NO DESPACHADO CENTRALMENTE,NORMAL,GNCG,AGUA,2017-08-30,OPERACION,2024-09-02
28,Sistema,2U5P,PROENCA II,TERMICA,NO DESPACHADO CENTRALMENTE,NORMAL,PECG,CARBON,2017-10-10,OPERACION,2024-09-02
29,Sistema,2U8Y,TERMOMECHERO 5,TERMICA,NO DESPACHADO CENTRALMENTE,NORMAL,TMMG,GAS,2017-12-16,OPERACION,2024-09-02
30,Sistema,2U91,TERMOMECHERO 6,TERMICA,NO DESPACHADO CENTRALMENTE,NORMAL,TMMG,GAS,2018-02-02,OPERACION,2024-09-02
31,Sistema,2U93,TERMOMECHERO 4,TERMICA,NO DESPACHADO CENTRALMENTE,NORMAL,TMMG,GAS,2018-02-02,OPERACION,2024-09-02
32,Sistema,2UP2,COGENERADOR MANUELITA 2,COGENERADOR,NO DESPACHADO CENTRALMENTE,COGENERADOR,EPSG,BAGAZO,2018-06-22,OPERACION,2024-09-02
33,Sistema,2UPD,TEQUENDAMA 2,HIDRAULICA,NO DESPACHADO CENTRALMENTE,NORMAL,ENDG,AGUA,2018-02-28,OPERACION,2024-09-02
34,Sistema,2UPF,TEQUENDAMA 3,HIDRAULICA,NO DESPACHADO CENTRALMENTE,NORMAL,ENDG,AGUA,2018-02-28,OPERACION,2024-09-02
35,Sistema,2UPH,TEQUENDAMA 4,HIDRAULICA,NO DESPACHADO CENTRALMENTE,NORMAL,ENDG,AGUA,2018-02-28,OPERACION,2024-09-02
36,Sistema,2UPJ,TEQUENDAMA 1,HIDRAULICA,NO DESPACHADO CENTRALMENTE,NORMAL,ENDG,AGUA,2018-02-28,OPERACION,2024-09-02
37,Sistema,2UR5,SAN JOSE DE LA MONTAÑA II,HIDRAULICA,NO DESPACHADO CENTRALMENTE,NORMAL,GPEG,AGUA,2018-10-06,OPERACION,2024-09-02
38,Sistema,2UX3,AURES BAJO,HIDRAULICA,NO DESPACHADO CENTRALMENTE,NORMAL,ABAG,AGUA,2018-12-12,OPERACION,2024-09-02
39,Sistema,2V25,AUTOG ARGOS SOGAMOSO 1,TERMICA,NO DESPACHADO CENTRALMENTE,AUTOGENERADOR,EPMG,CARBON,2018-10-02,OPERACION,2024-09-02
40,Sistema,2V27,AUTOG COCA-COLA FEMSA 1,TERMICA,NO DESPACHADO CENTRALMENTE,AUTOGENERADOR,DEPG,GAS,2018-07-25,OPERACION,2024-09-02
41,Sistema,2V5G,JUAN GARCIA,HIDRAULICA,NO DESPACHADO CENTRALMENTE,NORMAL,GPEG,AGUA,2018-09-12,OPERACION,2024-09-02
42,Sistema,2VJS,CELSIA SOLAR BOLIVAR,SOLAR,NO DESPACHADO CENTRALMENTE,NORMAL,EPSG,RAD SOLAR,2019-02-03,OPERACION,2024-09-02
43,Sistema,2WC5,MULATOS II,HIDRAULICA,NO DESPACHADO CENTRALMENTE,NORMAL,ESUG,AGUA,2019-08-26,OPERACION,2024-09-02
44,Sistema,2WFN,TERMOCAPACHOS,TERMICA,NO DESPACHADO CENTRALMENTE,NORMAL,GSAG,GAS,2019-08-04,OPERACION,2024-09-02
45,Sistema,2XXR,AGPE - ECOPETROL LA HORMIGA,TERMICA,NO DESPACHADO CENTRALMENTE,AUTOG PEQ. ESCALA,GECG,GAS,2019-09-16,OPERACION,2024-09-02
46,Sistema,2YB9,AUTOG ECOPETROL ORITO,TERMICA,NO DESPACHADO CENTRALMENTE,AUTOGENERADOR,GECG,GAS,2019-11-07,PRUEBAS,2024-09-02
47,Sistema,2YIR,PCH LA LIBERTAD,HIDRAULICA,NO DESPACHADO CENTRALMENTE,NORMAL,EGEG,AGUA,2020-03-14,OPERACION,2024-09-02
48,Sistema,2YMA,AGPE NAFERTEX,SOLAR,NO DESPACHADO CENTRALMENTE,AUTOG PEQ. ESCALA,ETTC,RAD SOLAR,2019-11-27,OPERACION,2024-09-02
49,Sistema,2YNA,HIDROBARRANCAS,HIDRAULICA,NO DESPACHADO CENTRALMENTE,NORMAL,HBCG,AGUA,2020-11-26,OPERACION,2024-09-02
50,Sistema,2YQM,AGPE TECNOEMPAQUES DE OCCIDENTE,SOLAR,NO DESPACHADO CENTRALMENTE,AUTOG PEQ. ESCALA,BIAC,RAD SOLAR,2019-12-19,OPERACION,2024-09-02
51,Sistema,2YWY,AUTOG TURGAS,TERMICA,NO DESPACHADO CENTRALMENTE,AUTOGENERADOR,TRPG,GAS,2020-02-08,OPERACION,2024-09-02
52,Sistema,2Z66,AGPE SFV MCDONALDS SOLEDAD,SOLAR,NO DESPACHADO CENTRALMENTE,AUTOG PEQ. ESCALA,GNCC,RAD SOLAR,2020-02-27,OPERACION,2024-09-02
53,Sistema,2ZCF,SAN ANDRES DE CUERQUIA,HIDRAULICA,NO DESPACHADO CENTRALMENTE,NORMAL,EPSG,AGUA,2020-06-11,OPERACION,2024-09-02
54,Sistema,2ZHY,CELSIA SOLAR ESPINAL,SOLAR,NO DESPACHADO CENTRALMENTE,NORMAL,EPSG,RAD SOLAR,2020-05-31,OPERACION,2024-09-02
55,Sistema,2ZJT,AGPE HOTEL HACIENDA CASONA DEL SALITRE,SOLAR,NO DESPACHADO CENTRALMENTE,AUTOG PEQ. ESCALA,GNCC,RAD SOLAR,2020-05-21,OPERACION,2024-09-02
56,Sistema,2ZM3,AGPE DIEGO MONTESDEOCA ASSEFF,SOLAR,NO DESPACHADO CENTRALMENTE,AUTOG PEQ. ESCALA,ETTC,RAD SOLAR,2020-06-11,OPERACION,2024-09-02
57,Sistema,2ZMH,AGPE DEVIMED MARINILLA,SOLAR,NO DESPACHADO CENTRALMENTE,AUTOG PEQ. ESCALA,NRCC,RAD SOLAR,2020-06-18,OPERACION,2024-09-02
58,Sistema,2ZMJ,AGPE DEVIMED ENVIGADO,SOLAR,NO DESPACHADO CENTRALMENTE,AUTOG PEQ. ESCALA,NRCC,RAD SOLAR,2020-06-18,OPERACION,2024-09-02
59,Sistema,2ZML,AGPE DEVIMED BELLO,SOLAR,NO DESPACHADO CENTRALMENTE,AUTOG PEQ. ESCALA,NRCC,RAD SOLAR,2020-06-18,OPERACION,2024-09-02
60,Sistema,2ZP9,TRINA-VATIA BSLI,SOLAR,NO DESPACHADO CENTRALMENTE,NORMAL,ISGG,RAD SOLAR,2020-09-10,OPERACION,2024-09-02
61,Sistema,2ZS3,AGPE HERNAN DARIO EUSSE,SOLAR,NO DESPACHADO CENTRALMENTE,AUTOG PEQ. ESCALA,ETTC,RAD SOLAR,2020-07-30,OPERACION,2024-09-02
62,Sistema,2ZXL,AGPE JUAN CARLOS CALDERON GARCIA,SOLAR,NO DESPACHADO CENTRALMENTE,AUTOG PEQ. ESCALA,NRCC,RAD SOLAR,2020-08-20,OPERACION,2024-09-02
63,Sistema,2ZXN,AGPE DEVIMED COPACABANACASETA,SOLAR,NO DESPACHADO CENTRALMENTE,AUTOG PEQ. ESCALA,NRCC,RAD SOLAR,2020-08-27,OPERACION,2024-09-02
64,Sistema,3A44,PLANTA SOLAR BAYUNCA I,SOLAR,NO DESPACHADO CENTRALMENTE,NORMAL,EGRG,RAD SOLAR,2020-09-30,OPERACION,2024-09-02
65,Sistema,3A45,AGPE  BOSQUES RIVERA II,SOLAR,NO DESPACHADO CENTRALMENTE,AUTOG PEQ. ESCALA,GNCC,RAD SOLAR,2020-09-24,OPERACION,2024-09-02
66,Sistema,3A47,AGPE EDIFICIO CHICO 103-PH,SOLAR,NO DESPACHADO CENTRALMENTE,AUTOG PEQ. ESCALA,ETTC,RAD SOLAR,2020-09-24,OPERACION,2024-09-02
67,Sistema,3A4R,AGPE CALZATODO ACOPI YUMBO,SOLAR,NO DESPACHADO CENTRALMENTE,AUTOG PEQ. ESCALA,QIEC,RAD SOLAR,2020-10-01,OPERACION,2024-09-02
68,Sistema,3A7F,AGPE LICEO NUEVA GENERACIÓN,SOLAR,NO DESPACHADO CENTRALMENTE,AUTOG PEQ. ESCALA,GNCC,RAD SOLAR,2020-10-15,OPERACION,2024-09-02
69,Sistema,3AB6,AGPE MADOCO SIGLO XXI,SOLAR,NO DESPACHADO CENTRALMENTE,AUTOG PEQ. ESCALA,GNCC,RAD SOLAR,2020-10-29,OPERACION,2024-09-02
70,Sistema,3AB8,AGPE VENTANAR I,SOLAR,NO DESPACHADO CENTRALMENTE,AUTOG PEQ. ESCALA,RTQC,RAD SOLAR,2020-10-29,OPERACION,2024-09-02
71,Sistema,3ACC,CELSIA SOLAR CARMELO,SOLAR,NO DESPACHADO CENTRALMENTE,AUTOGENERADOR,EPSG,RAD SOLAR,2020-12-27,OPERACION,2024-09-02
72,Sistema,3ADA,AUTOG PTAR BELLO,TERMICA,NO DESPACHADO CENTRALMENTE,AUTOGENERADOR,EPMG,BIOGAS,2020-11-30,OPERACION,2024-09-02
73,Sistema,3AFQ,POCUNE,HIDRAULICA,NO DESPACHADO CENTRALMENTE,NORMAL,RTAG,AGUA,2020-12-01,OPERACION,2024-09-02
74,Sistema,3AL4,AGPE PLASTICOS MINIPET,SOLAR,NO DESPACHADO CENTRALMENTE,AUTOG PEQ. ESCALA,GNCC,RAD SOLAR,2020-12-31,OPERACION,2024-09-02
75,Sistema,3AL6,AGPE ENTREPALMAS,TERMICA,NO DESPACHADO CENTRALMENTE,AUTOG PEQ. ESCALA,EPSG,BIOGAS,2020-12-31,OPERACION,2024-09-02
76,Sistema,3ANH,AGPE PAPEL CARD,SOLAR,NO DESPACHADO CENTRALMENTE,AUTOG PEQ. ESCALA,NEUC,RAD SOLAR,2021-01-07,OPERACION,2024-09-02
77,Sistema,3AOY,AGPE FODUN,SOLAR,NO DESPACHADO CENTRALMENTE,AUTOG PEQ. ESCALA,NEUC,RAD SOLAR,2021-01-14,OPERACION,2024-09-02
78,Sistema,3AQP,CAUYA,HIDRAULICA,NO DESPACHADO CENTRALMENTE,NORMAL,SFEG,AGUA,2022-04-25,OPERACION,2024-09-02
79,Sistema,3AR2,AGPE I.A. INGENIERIA EN ALIMENTOS,SOLAR,NO DESPACHADO CENTRALMENTE,AUTOG PEQ. ESCALA,NEUC,RAD SOLAR,2021-02-04,OPERACION,2024-09-02
80,Sistema,3AWC,AGPE PROYECTO SOLAR EL ARRIERO,SOLAR,NO DESPACHADO CENTRALMENTE,AUTOG PEQ. ESCALA,GNCC,RAD SOLAR,2021-02-25,OPERACION,2024-09-02
81,Sistema,3AXV,AGPE INGENIO DE OCCIDENTE,TERMICA,NO DESPACHADO CENTRALMENTE,AUTOG PEQ. ESCALA,EMEG,BAGAZO,2021-03-03,OPERACION,2024-09-02
82,Sistema,3B4G,AGPE CLODEL,SOLAR,NO DESPACHADO CENTRALMENTE,AUTOG PEQ. ESCALA,NEUC,RAD SOLAR,2021-03-18,OPERACION,2024-09-02
83,Sistema,3B4L,GRANJA SOLAR BELMONTE,SOLAR,NO DESPACHADO CENTRALMENTE,NORMAL,CSSG,RAD SOLAR,2021-04-30,OPERACION,2024-09-02
84,Sistema,3BCM,AGPE MUNDO GUARIGUA,SOLAR,NO DESPACHADO CENTRALMENTE,AUTOG PEQ. ESCALA,RTQC,RAD SOLAR,2021-04-08,OPERACION,2024-09-02
85,Sistema,3BCR,AGPE ALURACK,SOLAR,NO DESPACHADO CENTRALMENTE,AUTOG PEQ. ESCALA,NEUC,RAD SOLAR,2021-04-08,OPERACION,2024-09-02
86,Sistema,3BFL,AGPE TOSTADITOS SUSANITA,SOLAR,NO DESPACHADO CENTRALMENTE,AUTOG PEQ. ESCALA,NEUC,RAD SOLAR,2021-04-29,OPERACION,2024-09-02
87,Sistema,3BFN,AGPE FERBIENES,SOLAR,NO DESPACHADO CENTRALMENTE,AUTOG PEQ. ESCALA,NEUC,RAD SOLAR,2021-04-29,OPERACION,2024-09-02
88,Sistema,3BJG,AGPE NATALIA RAMIREZ,SOLAR,NO DESPACHADO CENTRALMENTE,AUTOG PEQ. ESCALA,NEUC,RAD SOLAR,2021-05-06,OPERACION,2024-09-02
89,Sistema,3BJN,AGPE EDUARDO BOTERO,SOLAR,NO DESPACHADO CENTRALMENTE,AUTOG PEQ. ESCALA,NEUC,RAD SOLAR,2021-05-13,OPERACION,2024-09-02
90,Sistema,3BJP,AGPE AGROMONTE POSCOSECHA,SOLAR,NO DESPACHADO CENTRALMENTE,AUTOG PEQ. ESCALA,NRCC,RAD SOLAR,2021-05-13,OPERACION,2024-09-02
91,Sistema,3BJR,AGPE AGRODEX,SOLAR,NO DESPACHADO CENTRALMENTE,AUTOG PEQ. ESCALA,NEUC,RAD SOLAR,2021-05-13,OPERACION,2024-09-02
92,Sistema,3BM1,AGPE SOCODA,SOLAR,NO DESPACHADO CENTRALMENTE,AUTOG PEQ. ESCALA,GNCC,RAD SOLAR,2021-05-20,OPERACION,2024-09-02
93,Sistema,3BNL,AGPE COLOMBOALEMANA,SOLAR,NO DESPACHADO CENTRALMENTE,AUTOG PEQ. ESCALA,RTQC,RAD SOLAR,2021-05-27,OPERACION,2024-09-02
94,Sistema,3BPX,AGPE DATECSA,SOLAR,NO DESPACHADO CENTRALMENTE,AUTOG PEQ. ESCALA,GNCC,RAD SOLAR,2021-06-03,OPERACION,2024-09-02
95,Sistema,3BXX,AGPE JUAN CARLOS VILLA,SOLAR,NO DESPACHADO CENTRALMENTE,AUTOG PEQ. ESCALA,NEUC,RAD SOLAR,2021-07-15,OPERACION,2024-09-02
96,Sistema,3BYG,AGPE SUPERMERCADO EL PROVEEDOR,SOLAR,NO DESPACHADO CENTRALMENTE,AUTOG PEQ. ESCALA,GNCC,RAD SOLAR,2021-07-22,OPERACION,2024-09-02
97,Sistema,3BZB,CELSIA SOLAR LA PAILA,SOLAR,NO DESPACHADO CENTRALMENTE,NORMAL,EPSG,RAD SOLAR,2021-08-07,OPERACION,2024-09-02
98,Sistema,3C37,AGPE CASA TADEO ZIRENE,SOLAR,NO DESPACHADO CENTRALMENTE,AUTOG PEQ. ESCALA,GNCC,RAD SOLAR,2021-08-12,PRUEBAS,2024-09-02
99,Sistema,3C39,AGPE JAIME AMIN,SOLAR,NO DESPACHADO CENTRALMENTE,AUTOG PEQ. ESCALA,GNCC,RAD SOLAR,2021-08-12,PRUEBAS,2024-09-02
100,Sistema,3C3B,AGPE ANDRES GOMEZ,SOLAR,NO DESPACHADO CENTRALMENTE,AUTOG PEQ. ESCALA,NEUC,RAD SOLAR,2021-08-12,OPERACION,2024-09-02
101,Sistema,3C3D,AGPE CARLOS ENRIQUE VELEZ,SOLAR,NO DESPACHADO CENTRALMENTE,AUTOG PEQ. ESCALA,NEUC,RAD SOLAR,2021-08-12,OPERACION,2024-09-02
102,Sistema,3C3X,AUTOG INGENIO MARIA LUISA 1,TERMICA,NO DESPACHADO CENTRALMENTE,AUTOGENERADOR,DEPG,BAGAZO,2021-08-14,OPERACION,2024-09-02
103,Sistema,3C3Z,LA SIERPE,SOLAR,NO DESPACHADO CENTRALMENTE,NORMAL,AAGG,RAD SOLAR,2021-09-25,OPERACION,2024-09-02
104,Sistema,3C4J,AGPE CC PREMIUM PLAZA PH 70973,SOLAR,NO DESPACHADO CENTRALMENTE,AUTOG PEQ. ESCALA,ETTC,RAD SOLAR,2020-10-22,OPERACION,2024-09-02
105,Sistema,3C4L,AGPE CC PREMIUM PLAZA PH 70970,SOLAR,NO DESPACHADO CENTRALMENTE,AUTOG PEQ. ESCALA,ETTC,RAD SOLAR,2020-10-22,OPERACION,2024-09-02
106,Sistema,3C4N,AGPE CC PREMIUM PLAZA PH 64929,SOLAR,NO DESPACHADO CENTRALMENTE,AUTOG PEQ. ESCALA,ETTC,RAD SOLAR,2020-10-22,OPERACION,2024-09-02
107,Sistema,3C4P,AGPE CC PREMIUM PLAZA PH 70972,SOLAR,NO DESPACHADO CENTRALMENTE,AUTOG PEQ. ESCALA,ETTC,RAD SOLAR,2020-10-22,OPERACION,2024-09-02
108,Sistema,3C4R,AGPE CC PREMIUM PLAZA PH 70971,SOLAR,NO DESPACHADO CENTRALMENTE,AUTOG PEQ. ESCALA,ETTC,RAD SOLAR,2020-10-29,OPERACION,2024-09-02
109,Sistema,3C4T,AGPE AGROMONTE CASA DE PEDRO,SOLAR,NO DESPACHADO CENTRALMENTE,AUTOG PEQ. ESCALA,NRCC,RAD SOLAR,2021-08-19,OPERACION,2024-09-02
110,Sistema,3C4V,AUTOG TERMOTAME,TERMICA,NO DESPACHADO CENTRALMENTE,AUTOGENERADOR,GSAG,GAS,2021-09-02,OPERACION,2024-09-02
111,Sistema,3CC3,AGPE CASA RICHARD - MALIBU,SOLAR,NO DESPACHADO CENTRALMENTE,AUTOG PEQ. ESCALA,ETTC,RAD SOLAR,2021-09-09,OPERACION,2024-09-02
112,Sistema,3CCW,AGPE FIRPLAK,SOLAR,NO DESPACHADO CENTRALMENTE,AUTOG PEQ. ESCALA,NEUC,RAD SOLAR,2021-09-09,OPERACION,2024-09-02
113,Sistema,3CDX,AGPE AVICOLA EL MANATIAL,SOLAR,NO DESPACHADO CENTRALMENTE,AUTOG PEQ. ESCALA,QIEC,RAD SOLAR,2021-08-31,OPERACION,2024-09-02
114,Sistema,3CG9,LA CHORRERA,HIDRAULICA,NO DESPACHADO CENTRALMENTE,NORMAL,HEMG,AGUA,2022-05-31,OPERACION,2024-09-02
115,Sistema,3CGB,AGPE MADOCO SIGLO XXI SEDE II,SOLAR,NO DESPACHADO CENTRALMENTE,AUTOG PEQ. ESCALA,GNCC,RAD SOLAR,2021-09-30,PRUEBAS,2024-09-02
116,Sistema,3CKF,AGPE COLUMBUS SCHOOL,SOLAR,NO DESPACHADO CENTRALMENTE,AUTOG PEQ. ESCALA,EPSC,RAD SOLAR,2021-10-31,PRUEBAS,2024-09-02
117,Sistema,3CKQ,AGPE LA VALLENATA,SOLAR,NO DESPACHADO CENTRALMENTE,AUTOG PEQ. ESCALA,TPLC,RAD SOLAR,2021-10-30,PRUEBAS,2024-09-02
118,Sistema,3CL1,AGPE 125 GT CARRERA,SOLAR,NO DESPACHADO CENTRALMENTE,AUTOG PEQ. ESCALA,ETTC,RAD SOLAR,2021-09-30,OPERACION,2024-09-02
119,Sistema,3CN1,AGPE JUAN CARLOS DIAZ,SOLAR,NO DESPACHADO CENTRALMENTE,AUTOG PEQ. ESCALA,NEUC,RAD SOLAR,2021-10-01,PRUEBAS,2024-09-02
120,Sistema,3CPK,AGPE OLIMPICA PIVIJAY,SOLAR,NO DESPACHADO CENTRALMENTE,AUTOG PEQ. ESCALA,GNCC,RAD SOLAR,2021-10-31,PRUEBAS,2024-09-02
121,Sistema,3CSF,AGPE SULFOQUIMICAS,SOLAR,NO DESPACHADO CENTRALMENTE,AUTOG PEQ. ESCALA,NEUC,RAD SOLAR,2021-10-29,PRUEBAS,2024-09-02
122,Sistema,3CSH,GY SOLAR AURORA,SOLAR,NO DESPACHADO CENTRALMENTE,NORMAL,GNYG,RAD SOLAR,2022-08-11,OPERACION,2024-09-02
123,Sistema,3CUW,AGPE PEDRO LEMUS,SOLAR,NO DESPACHADO CENTRALMENTE,AUTOG PEQ. ESCALA,NEUC,RAD SOLAR,2021-11-11,OPERACION,2024-09-02
124,Sistema,3D3O,AGPE CLINICA SANTA ANA,SOLAR,NO DESPACHADO CENTRALMENTE,AUTOG PEQ. ESCALA,NEUC,RAD SOLAR,2021-11-25,OPERACION,2024-09-02
125,Sistema,3D6C,AGPE LICORES DE CUNDINAMARCA,SOLAR,NO DESPACHADO CENTRALMENTE,AUTOG PEQ. ESCALA,GNCC,RAD SOLAR,2021-12-02,OPERACION,2024-09-02
126,Sistema,3D8B,AGPE INVERSIONES GLP,SOLAR,NO DESPACHADO CENTRALMENTE,AUTOG PEQ. ESCALA,ETTC,RAD SOLAR,2021-12-09,OPERACION,2024-09-02
127,Sistema,3D8D,AGPE BIOEMPACK,SOLAR,NO DESPACHADO CENTRALMENTE,AUTOG PEQ. ESCALA,NRCC,RAD SOLAR,2021-12-09,OPERACION,2024-09-02
128,Sistema,3D8F,AGPE NOVATRONICA,SOLAR,NO DESPACHADO CENTRALMENTE,AUTOG PEQ. ESCALA,NRCC,RAD SOLAR,2021-12-09,OPERACION,2024-09-02
129,Sistema,3DBG,AGPE MANUFACTURAS VICO,SOLAR,NO DESPACHADO CENTRALMENTE,AUTOG PEQ. ESCALA,ETTC,RAD SOLAR,2021-12-16,OPERACION,2024-09-02
130,Sistema,3DBI,AGPE ALVARO HOYOS,SOLAR,NO DESPACHADO CENTRALMENTE,AUTOG PEQ. ESCALA,NEUC,RAD SOLAR,2021-12-16,OPERACION,2024-09-02
131,Sistema,3DDT,LATAM SOLAR LA LOMA,SOLAR,DESPACHADO CENTRALMENTE,NORMAL,ENDG,RAD SOLAR,2024-06-24,OPERACION,2024-09-02
132,Sistema,3DGL,AGPE ERIKA MEJIA,SOLAR,NO DESPACHADO CENTRALMENTE,AUTOG PEQ. ESCALA,NEUC,RAD SOLAR,2021-12-30,OPERACION,2024-09-02
133,Sistema,3DIH,AGPE UNIDROGAS,SOLAR,NO DESPACHADO CENTRALMENTE,AUTOG PEQ. ESCALA,GNCC,RAD SOLAR,2022-01-13,OPERACION,2024-09-02
134,Sistema,3DIJ,AGPE CASA VALENTINA,SOLAR,NO DESPACHADO CENTRALMENTE,AUTOG PEQ. ESCALA,QIEC,RAD SOLAR,2022-01-13,OPERACION,2024-09-02
135,Sistema,3DKZ,AGPE CDL LEONISA,SOLAR,NO DESPACHADO CENTRALMENTE,AUTOG PEQ. ESCALA,NEUC,RAD SOLAR,2022-01-20,OPERACION,2024-09-02
136,Sistema,3DL2,AGPE SOL BEATRIZ ARANGO,SOLAR,NO DESPACHADO CENTRALMENTE,AUTOG PEQ. ESCALA,NEUC,RAD SOLAR,2022-01-20,OPERACION,2024-09-02
137,Sistema,3DM3,AGPE ELIANA GARZON,SOLAR,NO DESPACHADO CENTRALMENTE,AUTOG PEQ. ESCALA,ETTC,RAD SOLAR,2022-01-27,OPERACION,2024-09-02
138,Sistema,3DP6,AGPE GT RED SONORA LOS ANDE,SOLAR,NO DESPACHADO CENTRALMENTE,AUTOG PEQ. ESCALA,ENBC,RAD SOLAR,2022-02-03,OPERACION,2024-09-02
139,Sistema,3DP8,AGPE IE SALAZAR Y HERRERA,SOLAR,NO DESPACHADO CENTRALMENTE,AUTOG PEQ. ESCALA,ETTC,RAD SOLAR,2022-02-03,OPERACION,2024-09-02
140,Sistema,3DPN,AGPE DORICOLOR,SOLAR,NO DESPACHADO CENTRALMENTE,AUTOG PEQ. ESCALA,NEUC,RAD SOLAR,2022-02-06,OPERACION,2024-09-02
141,Sistema,3DQA,AGPE AVOFRUIT,SOLAR,NO DESPACHADO CENTRALMENTE,AUTOG PEQ. ESCALA,EEPC,RAD SOLAR,2022-02-10,OPERACION,2024-09-02
142,Sistema,3DQC,AGPE CLUB CAMPESTRE,SOLAR,NO DESPACHADO CENTRALMENTE,AUTOG PEQ. ESCALA,EEPC,RAD SOLAR,2022-02-10,OPERACION,2024-09-02
143,Sistema,3DSO,HELIOS I,SOLAR,NO DESPACHADO CENTRALMENTE,NORMAL,EBSG,RAD SOLAR,2022-03-03,OPERACION,2024-09-02
144,Sistema,3DST,AGPE PCP,SOLAR,NO DESPACHADO CENTRALMENTE,AUTOG PEQ. ESCALA,EEPC,RAD SOLAR,2022-02-24,OPERACION,2024-09-02
145,Sistema,3DXJ,LAS VIOLETAS,HIDRAULICA,NO DESPACHADO CENTRALMENTE,NORMAL,PCYG,AGUA,2022-03-30,OPERACION,2024-09-02
146,Sistema,3E1W,AGPE RELIANZ GALAPA,SOLAR,NO DESPACHADO CENTRALMENTE,AUTOG PEQ. ESCALA,ENDC,RAD SOLAR,2022-03-24,OPERACION,2024-09-02
147,Sistema,3E2I,AGPE EL HUECO BELLEZA,SOLAR,NO DESPACHADO CENTRALMENTE,AUTOG PEQ. ESCALA,GNCC,RAD SOLAR,2022-03-31,OPERACION,2024-09-02
148,Sistema,3E5O,AGPE EMPAQUETADURAS DARROW,SOLAR,NO DESPACHADO CENTRALMENTE,AUTOG PEQ. ESCALA,GNCC,RAD SOLAR,2022-04-14,OPERACION,2024-09-02
149,Sistema,3E6A,AGPE COLOMBIANA DE PET,SOLAR,NO DESPACHADO CENTRALMENTE,AUTOG PEQ. ESCALA,NEUC,RAD SOLAR,2022-04-21,OPERACION,2024-09-02
150,Sistema,3E6C,AGPE AURELIO LLANO,SOLAR,NO DESPACHADO CENTRALMENTE,AUTOG PEQ. ESCALA,NEUC,RAD SOLAR,2022-04-21,OPERACION,2024-09-02
151,Sistema,3E7C,AUTOG CELSIA SOLAR LEVAPAN,SOLAR,NO DESPACHADO CENTRALMENTE,AUTOGENERADOR,EPSG,RAD SOLAR,2022-06-11,OPERACION,2024-09-02
152,Sistema,3E8U,AGPE CASA GERMAN ROMERO FRIERI,SOLAR,NO DESPACHADO CENTRALMENTE,AUTOG PEQ. ESCALA,GNCC,RAD SOLAR,2022-05-05,OPERACION,2024-09-02
153,Sistema,3E8W,AGPE GRANJA SANTA ROSA,SOLAR,NO DESPACHADO CENTRALMENTE,AUTOG PEQ. ESCALA,GNCC,RAD SOLAR,2022-05-05,OPERACION,2024-09-02
154,Sistema,3E9G,AGPE ARISOL,SOLAR,NO DESPACHADO CENTRALMENTE,AUTOG PEQ. ESCALA,EPSC,RAD SOLAR,2022-05-12,OPERACION,2024-09-02
155,Sistema,3E9I,ZEUS,HIDRAULICA,NO DESPACHADO CENTRALMENTE,NORMAL,CHZG,AGUA,2022-05-19,OPERACION,2024-09-02
156,Sistema,3EAO,AGPE AGROINSUMOS,SOLAR,NO DESPACHADO CENTRALMENTE,AUTOG PEQ. ESCALA,EEPC,RAD SOLAR,2022-05-19,OPERACION,2024-09-02
157,Sistema,3EBN,GR PARQUE SOLAR TUCANES,SOLAR,NO DESPACHADO CENTRALMENTE,NORMAL,EPSG,RAD SOLAR,2022-05-31,OPERACION,2024-09-02
158,Sistema,3ECW,AGPE PANADERIA ZAPATOCA LA 43,SOLAR,NO DESPACHADO CENTRALMENTE,AUTOG PEQ. ESCALA,GNCC,RAD SOLAR,2022-05-26,OPERACION,2024-09-02
159,Sistema,3ED1,AUTOG GRAN COLOMBIA GOLD,HIDRAULICA,NO DESPACHADO CENTRALMENTE,AUTOGENERADOR,PRIG,AGUA,2022-05-31,OPERACION,2024-09-02
160,Sistema,3EDL,BOSQUES SOLARES DE LOS LLANOS 5,SOLAR,NO DESPACHADO CENTRALMENTE,NORMAL,ISGG,RAD SOLAR,2022-09-12,OPERACION,2024-09-02
161,Sistema,3EE4,PARQUE EOLICO GUAJIRA I,EOLICA,NO DESPACHADO CENTRALMENTE,NORMAL,ISGG,VIENTO,2022-04-30,PRUEBAS,2024-09-02
162,Sistema,3EEE,AGPE MEDICINA NUCLEAR,SOLAR,NO DESPACHADO CENTRALMENTE,AUTOG PEQ. ESCALA,NEUC,RAD SOLAR,2022-06-09,OPERACION,2024-09-02
163,Sistema,3EEI,AGPE SIMON GARCIA ORREGO,SOLAR,NO DESPACHADO CENTRALMENTE,AUTOG PEQ. ESCALA,NEUC,RAD SOLAR,2022-06-09,OPERACION,2024-09-02
164,Sistema,3EFT,AGPE AUTOSERVICIO MANA,SOLAR,NO DESPACHADO CENTRALMENTE,AUTOG PEQ. ESCALA,GNCC,RAD SOLAR,2022-06-09,OPERACION,2024-09-02
165,Sistema,3EFW,AGPE PLANTA BUGA,SOLAR,NO DESPACHADO CENTRALMENTE,AUTOG PEQ. ESCALA,TPLC,RAD SOLAR,2022-06-09,OPERACION,2024-09-02
166,Sistema,3EFY,BOSQUES SOLARES DE LOS LLANOS 4,SOLAR,NO DESPACHADO CENTRALMENTE,NORMAL,ISGG,RAD SOLAR,2022-09-12,OPERACION,2024-09-02
167,Sistema,3EG2,AGPE MARTINPLAST,SOLAR,NO DESPACHADO CENTRALMENTE,AUTOG PEQ. ESCALA,ETTC,RAD SOLAR,2022-06-09,OPERACION,2024-09-02
168,Sistema,3EGG,AGPE ALFREDO MARTINEZ,SOLAR,NO DESPACHADO CENTRALMENTE,AUTOG PEQ. ESCALA,EPSC,RAD SOLAR,2022-06-16,OPERACION,2024-09-02
169,Sistema,3EGI,AGPE ADIELA PALMA DE CADAVID,SOLAR,NO DESPACHADO CENTRALMENTE,AUTOG PEQ. ESCALA,EPSC,RAD SOLAR,2022-06-16,OPERACION,2024-09-02
170,Sistema,3EGK,AGPE CLINICA CLINALTEC,SOLAR,NO DESPACHADO CENTRALMENTE,AUTOG PEQ. ESCALA,EPSC,RAD SOLAR,2022-06-16,OPERACION,2024-09-02
171,Sistema,3EGM,AGPE GRAN AMERICAS FONTIBON 1,SOLAR,NO DESPACHADO CENTRALMENTE,AUTOG PEQ. ESCALA,EPSC,RAD SOLAR,2022-06-16,OPERACION,2024-09-02
172,Sistema,3EGO,AGPE INVESA,SOLAR,NO DESPACHADO CENTRALMENTE,AUTOG PEQ. ESCALA,EPSC,RAD SOLAR,2022-06-16,OPERACION,2024-09-02
173,Sistema,3EGQ,AGPE NACIONAL AVICOLA,SOLAR,NO DESPACHADO CENTRALMENTE,AUTOG PEQ. ESCALA,EPSC,RAD SOLAR,2022-06-16,OPERACION,2024-09-02
174,Sistema,3EGS,AGPE SURTIPLAZA,SOLAR,NO DESPACHADO CENTRALMENTE,AUTOG PEQ. ESCALA,EPSC,RAD SOLAR,2022-06-16,OPERACION,2024-09-02
175,Sistema,3EGU,AGPE EL HUECO PAPELERIA,SOLAR,NO DESPACHADO CENTRALMENTE,AUTOG PEQ. ESCALA,GNCC,RAD SOLAR,2022-06-16,OPERACION,2024-09-02
176,Sistema,3EGW,AGPE EL REFLEJO,SOLAR,NO DESPACHADO CENTRALMENTE,AUTOG PEQ. ESCALA,EPSC,RAD SOLAR,2022-06-16,OPERACION,2024-09-02
177,Sistema,3EHZ,AGPE RESTAURANTE ORO NEGRO,SOLAR,NO DESPACHADO CENTRALMENTE,AUTOG PEQ. ESCALA,GNCC,RAD SOLAR,2022-06-23,OPERACION,2024-09-02
178,Sistema,3EJI,AGPE CALARCA 2,SOLAR,NO DESPACHADO CENTRALMENTE,AUTOG PEQ. ESCALA,GNCC,RAD SOLAR,2022-07-01,OPERACION,2024-09-02
179,Sistema,3EJK,AGPE CALARCA 1,SOLAR,NO DESPACHADO CENTRALMENTE,AUTOG PEQ. ESCALA,GNCC,RAD SOLAR,2022-07-01,OPERACION,2024-09-02
180,Sistema,3EJM,AGPE RETYPACK SAS,SOLAR,NO DESPACHADO CENTRALMENTE,AUTOG PEQ. ESCALA,GNCC,RAD SOLAR,2022-07-01,OPERACION,2024-09-02
181,Sistema,3EJO,AGPE SANTIAGO CASTAÑO,SOLAR,NO DESPACHADO CENTRALMENTE,AUTOG PEQ. ESCALA,NEUC,RAD SOLAR,2022-06-30,OPERACION,2024-09-02
182,Sistema,3EL3,AGPE LABORATORIOS EDO,SOLAR,NO DESPACHADO CENTRALMENTE,AUTOG PEQ. ESCALA,GNCC,RAD SOLAR,2022-07-07,OPERACION,2024-09-02
183,Sistema,3EL5,AGPE HUGO RESTREPO,SOLAR,NO DESPACHADO CENTRALMENTE,AUTOG PEQ. ESCALA,GNCC,RAD SOLAR,2022-07-07,OPERACION,2024-09-02
184,Sistema,3EL7,AGPE RED WM IMPRESORES,SOLAR,NO DESPACHADO CENTRALMENTE,AUTOG PEQ. ESCALA,QIEC,RAD SOLAR,2022-07-07,OPERACION,2024-09-02
185,Sistema,3EL9,AGPE HOYOSTOOLS,SOLAR,NO DESPACHADO CENTRALMENTE,AUTOG PEQ. ESCALA,QIEC,RAD SOLAR,2022-07-07,OPERACION,2024-09-02
186,Sistema,3EM4,AGPE IMPORINOX,SOLAR,NO DESPACHADO CENTRALMENTE,AUTOG PEQ. ESCALA,EPSC,RAD SOLAR,2022-07-14,OPERACION,2024-09-02
187,Sistema,3EM6,AGPE LAVANDERIA BURBUJAS,SOLAR,NO DESPACHADO CENTRALMENTE,AUTOG PEQ. ESCALA,GNCC,RAD SOLAR,2022-07-14,OPERACION,2024-09-02
188,Sistema,3EM8,AGPE MOLDES Y MECANIZADOS,SOLAR,NO DESPACHADO CENTRALMENTE,AUTOG PEQ. ESCALA,GNCC,RAD SOLAR,2022-07-14,OPERACION,2024-09-02
189,Sistema,3ENA,TESORITO,TERMICA,DESPACHADO CENTRALMENTE,NORMAL,EPSG,GAS,2022-09-13,OPERACION,2024-09-02
190,Sistema,3ENC,AGPE COLORPLASTIC,SOLAR,NO DESPACHADO CENTRALMENTE,AUTOG PEQ. ESCALA,BIAC,RAD SOLAR,2022-07-21,OPERACION,2024-09-02
191,Sistema,3ENE,SINCE,SOLAR,NO DESPACHADO CENTRALMENTE,NORMAL,EPSG,RAD SOLAR,2022-09-10,OPERACION,2024-09-02
192,Sistema,3EO1,AGPE FRIOGAN 1,SOLAR,NO DESPACHADO CENTRALMENTE,AUTOG PEQ. ESCALA,DLRC,RAD SOLAR,2022-07-24,OPERACION,2024-09-02
193,Sistema,3EO3,AGPE FRIOGAN 2,SOLAR,NO DESPACHADO CENTRALMENTE,AUTOG PEQ. ESCALA,DLRC,RAD SOLAR,2022-07-24,OPERACION,2024-09-02
194,Sistema,3EO5,AGPE CASA GABRIEL ROSALES,SOLAR,NO DESPACHADO CENTRALMENTE,AUTOG PEQ. ESCALA,GNCC,RAD SOLAR,2022-07-28,OPERACION,2024-09-02
195,Sistema,3EO7,AGPE AVICOLA LA ESPERANZA,SOLAR,NO DESPACHADO CENTRALMENTE,AUTOG PEQ. ESCALA,GNCC,RAD SOLAR,2022-07-29,OPERACION,2024-09-02
196,Sistema,3EP6,AUTOG CELSIA SOLAR HARINAS,SOLAR,NO DESPACHADO CENTRALMENTE,AUTOGENERADOR,EPSG,RAD SOLAR,2022-09-21,OPERACION,2024-09-02
197,Sistema,3EPJ,AGPE DINISSAN,SOLAR,NO DESPACHADO CENTRALMENTE,AUTOG PEQ. ESCALA,GNCC,RAD SOLAR,2022-08-04,OPERACION,2024-09-02
198,Sistema,3EPL,AGPE CAMPOALEGRE,SOLAR,NO DESPACHADO CENTRALMENTE,AUTOG PEQ. ESCALA,RTQC,RAD SOLAR,2022-08-04,OPERACION,2024-09-02
199,Sistema,3EPN,AGPE JAIME QUINTERO,SOLAR,NO DESPACHADO CENTRALMENTE,AUTOG PEQ. ESCALA,ETTC,RAD SOLAR,2022-08-04,OPERACION,2024-09-02
200,Sistema,3ESO,AGPE EXPOFUTURO,SOLAR,NO DESPACHADO CENTRALMENTE,AUTOG PEQ. ESCALA,EEPC,RAD SOLAR,2022-08-18,OPERACION,2024-09-02
201,Sistema,3EV1,LOS CABALLEROS,SOLAR,NO DESPACHADO CENTRALMENTE,NORMAL,EPSG,RAD SOLAR,2022-09-15,OPERACION,2024-09-02
202,Sistema,3EV3,LA MEDINA,SOLAR,NO DESPACHADO CENTRALMENTE,NORMAL,EPSG,RAD SOLAR,2022-09-15,OPERACION,2024-09-02
203,Sistema,3EX9,AGPE FRIGORINUS,SOLAR,NO DESPACHADO CENTRALMENTE,AUTOG PEQ. ESCALA,NEUC,RAD SOLAR,2022-09-01,OPERACION,2024-09-02
204,Sistema,3EXB,CERRITOS,SOLAR,NO DESPACHADO CENTRALMENTE,NORMAL,EPSG,RAD SOLAR,2022-09-19,OPERACION,2024-09-02
205,Sistema,3EXH,PARQUE EÓLICO WESP01,EOLICA,NO DESPACHADO CENTRALMENTE,NORMAL,ISGG,VIENTO,2022-08-31,PRUEBAS,2024-09-02
206,Sistema,3F2N,AGPE SENA DOSQUEBRADAS,SOLAR,NO DESPACHADO CENTRALMENTE,AUTOG PEQ. ESCALA,EEPC,RAD SOLAR,2022-09-15,OPERACION,2024-09-02
207,Sistema,3F2P,AGPE PETROCASINOS,SOLAR,NO DESPACHADO CENTRALMENTE,AUTOG PEQ. ESCALA,RTQC,RAD SOLAR,2022-09-15,OPERACION,2024-09-02
208,Sistema,3F3A,AGPE VITALBAQ,SOLAR,NO DESPACHADO CENTRALMENTE,AUTOG PEQ. ESCALA,GNCC,RAD SOLAR,2022-09-22,OPERACION,2024-09-02
209,Sistema,3F3C,AGPE INDUNILO,SOLAR,NO DESPACHADO CENTRALMENTE,AUTOG PEQ. ESCALA,RTQC,RAD SOLAR,2022-09-22,OPERACION,2024-09-02
210,Sistema,3F4K,AGPE SERVIPAN,SOLAR,NO DESPACHADO CENTRALMENTE,AUTOG PEQ. ESCALA,NEUC,RAD SOLAR,2022-09-29,OPERACION,2024-09-02
211,Sistema,3F4M,AGPE GIMNASIO LA COLINA,SOLAR,NO DESPACHADO CENTRALMENTE,AUTOG PEQ. ESCALA,ETTC,RAD SOLAR,2022-09-29,OPERACION,2024-09-02
212,Sistema,3F5L,AUTOG CI JEANS,SOLAR,NO DESPACHADO CENTRALMENTE,AUTOGENERADOR,ERRG,RAD SOLAR,2023-08-25,OPERACION,2024-09-02
213,Sistema,3F5N,AUTOG PINTUCO,SOLAR,NO DESPACHADO CENTRALMENTE,AUTOGENERADOR,ERRG,RAD SOLAR,2023-08-25,OPERACION,2024-09-02
214,Sistema,3F7M,AGPE CHAMORRO PORTILLA MISTER POLLO IPIALES,SOLAR,NO DESPACHADO CENTRALMENTE,AUTOG PEQ. ESCALA,ASCC,RAD SOLAR,2022-10-06,OPERACION,2024-09-02
215,Sistema,3F81,AGPE COLOMBO BRITANICO,SOLAR,NO DESPACHADO CENTRALMENTE,AUTOG PEQ. ESCALA,NEUC,RAD SOLAR,2022-10-13,OPERACION,2024-09-02
216,Sistema,3F83,AGPE SARY SAS JAIRO P,SOLAR,NO DESPACHADO CENTRALMENTE,AUTOG PEQ. ESCALA,NEUC,RAD SOLAR,2022-10-13,OPERACION,2024-09-02
217,Sistema,3F8W,AGPE GUIRNALDAS INNOVAFLORA,SOLAR,NO DESPACHADO CENTRALMENTE,AUTOG PEQ. ESCALA,EPSC,RAD SOLAR,2022-10-13,OPERACION,2024-09-02
218,Sistema,3F9S,AGPE ELECTROFACIL LORICA,SOLAR,NO DESPACHADO CENTRALMENTE,AUTOG PEQ. ESCALA,GNCC,RAD SOLAR,2022-10-20,OPERACION,2024-09-02
219,Sistema,3F9U,AGPE HOSPICLEAN,SOLAR,NO DESPACHADO CENTRALMENTE,AUTOG PEQ. ESCALA,EEPC,RAD SOLAR,2022-10-20,OPERACION,2024-09-02
220,Sistema,3FC7,AGPE GRANJA SARATANO,SOLAR,NO DESPACHADO CENTRALMENTE,AUTOG PEQ. ESCALA,GNCC,RAD SOLAR,2022-10-27,OPERACION,2024-09-02
221,Sistema,3FC9,AGPE SOL Y CIELO SAS,SOLAR,NO DESPACHADO CENTRALMENTE,AUTOG PEQ. ESCALA,SCEC,RAD SOLAR,2022-10-27,OPERACION,2024-09-02
222,Sistema,3FCB,AGPE PLASTICOS CALIBRADOS,SOLAR,NO DESPACHADO CENTRALMENTE,AUTOG PEQ. ESCALA,GNCC,RAD SOLAR,2022-10-27,OPERACION,2024-09-02
223,Sistema,3FCD,AUTOG CELSIA SOLAR PALMIRA 3,SOLAR,NO DESPACHADO CENTRALMENTE,AUTOGENERADOR,EPSG,RAD SOLAR,2023-03-30,OPERACION,2024-09-02
224,Sistema,3FCF,GRANJA SOLAR LANCEROS,SOLAR,NO DESPACHADO CENTRALMENTE,NORMAL,EPSG,RAD SOLAR,2023-01-30,OPERACION,2024-09-02
225,Sistema,3FD6,AGPE DEPOSITO YONATAN GONZALES,SOLAR,NO DESPACHADO CENTRALMENTE,AUTOG PEQ. ESCALA,BIAC,RAD SOLAR,2022-11-01,OPERACION,2024-09-02
226,Sistema,3FD8,AGPE COOMPRORIENTE,SOLAR,NO DESPACHADO CENTRALMENTE,AUTOG PEQ. ESCALA,QIEC,RAD SOLAR,2022-11-01,OPERACION,2024-09-02
227,Sistema,3FEI,AGPE CASA 43 ALFEREZ REAL III,SOLAR,NO DESPACHADO CENTRALMENTE,AUTOG PEQ. ESCALA,QIEC,RAD SOLAR,2022-11-03,OPERACION,2024-09-02
228,Sistema,3FEK,AGPE PALERMO,SOLAR,NO DESPACHADO CENTRALMENTE,AUTOG PEQ. ESCALA,TPLC,RAD SOLAR,2022-11-03,OPERACION,2024-09-02
229,Sistema,3GFD,AGPE RAPIASEO,SOLAR,NO DESPACHADO CENTRALMENTE,AUTOG PEQ. ESCALA,ENBC,RAD SOLAR,2022-11-17,OPERACION,2024-09-02
230,Sistema,3GFI,AGPE HERMECO,SOLAR,NO DESPACHADO CENTRALMENTE,AUTOG PEQ. ESCALA,NRCC,RAD SOLAR,2022-11-17,OPERACION,2024-09-02
231,Sistema,3GFK,AGPE JAVIER HOYOS RESTREPO,SOLAR,NO DESPACHADO CENTRALMENTE,AUTOG PEQ. ESCALA,SCEC,RAD SOLAR,2022-11-17,OPERACION,2024-09-02
232,Sistema,3GFM,AGPE JORGE EUSSE RESTREPO,SOLAR,NO DESPACHADO CENTRALMENTE,AUTOG PEQ. ESCALA,SCEC,RAD SOLAR,2022-11-17,OPERACION,2024-09-02
233,Sistema,3GFO,AGPE DONA MANUELA,SOLAR,NO DESPACHADO CENTRALMENTE,AUTOG PEQ. ESCALA,TPLC,RAD SOLAR,2022-11-17,OPERACION,2024-09-02
234,Sistema,3GFQ,AGPE FERCH2,SOLAR,NO DESPACHADO CENTRALMENTE,AUTOG PEQ. ESCALA,NMRG,RAD SOLAR,2022-11-17,OPERACION,2024-09-02
235,Sistema,3GHQ,AGPE MUGDEN,SOLAR,NO DESPACHADO CENTRALMENTE,AUTOG PEQ. ESCALA,ETTC,RAD SOLAR,2022-11-24,OPERACION,2024-09-02
236,Sistema,3GI4,AGPE HIDROMANA SEDE 1,SOLAR,NO DESPACHADO CENTRALMENTE,AUTOG PEQ. ESCALA,GNCC,RAD SOLAR,2022-11-24,OPERACION,2024-09-02
237,Sistema,3GI6,GRANJA SOLAR EL SALADO,SOLAR,NO DESPACHADO CENTRALMENTE,NORMAL,FERG,RAD SOLAR,2023-06-17,OPERACION,2024-09-02
238,Sistema,3GI8,AGPE SECAR INGENIEROS SA,SOLAR,NO DESPACHADO CENTRALMENTE,AUTOG PEQ. ESCALA,ENBC,RAD SOLAR,2022-11-24,OPERACION,2024-09-02
239,Sistema,3GJQ,TERMOTASAJERO DOS SOLAR,SOLAR,NO DESPACHADO CENTRALMENTE,NORMAL,TERG,RAD SOLAR,2022-12-26,OPERACION,2024-09-02
240,Sistema,3GJS,AGPE SOLUCIONES ADHESIVAS LG,SOLAR,NO DESPACHADO CENTRALMENTE,AUTOG PEQ. ESCALA,NEUC,RAD SOLAR,2022-12-01,OPERACION,2024-09-02
241,Sistema,3GJU,AUTOG INGENIO CARMELITA,TERMICA,NO DESPACHADO CENTRALMENTE,AUTOGENERADOR,DEPG,BAGAZO,2022-12-30,OPERACION,2024-09-02
242,Sistema,3GPX,AGPE VAQUITA MELOSA,SOLAR,NO DESPACHADO CENTRALMENTE,AUTOG PEQ. ESCALA,NEUC,RAD SOLAR,2022-12-08,OPERACION,2024-09-02
243,Sistema,3GPZ,MONTELIBANO,SOLAR,NO DESPACHADO CENTRALMENTE,NORMAL,EPSG,RAD SOLAR,2022-12-21,OPERACION,2024-09-02
244,Sistema,3GRD,GRANJA SOLAR SAN FELIPE,SOLAR,NO DESPACHADO CENTRALMENTE,NORMAL,EPSG,RAD SOLAR,2023-01-30,OPERACION,2024-09-02
245,Sistema,3GSD,AGPE LABORATORIOS ERMA,SOLAR,NO DESPACHADO CENTRALMENTE,AUTOG PEQ. ESCALA,QIEC,RAD SOLAR,2022-12-15,OPERACION,2024-09-02
246,Sistema,3GSF,AUTOG BUGA I GRASAS,SOLAR,NO DESPACHADO CENTRALMENTE,AUTOGENERADOR,EPSG,RAD SOLAR,2023-04-15,OPERACION,2024-09-02
247,Sistema,3GTQ,AGPE IMPOCALI BODEGAS,SOLAR,NO DESPACHADO CENTRALMENTE,AUTOG PEQ. ESCALA,QIEC,RAD SOLAR,2022-12-22,OPERACION,2024-09-02
248,Sistema,3GTS,AGPE GASCOL SA PUNTO GAS CALLE 17,SOLAR,NO DESPACHADO CENTRALMENTE,AUTOG PEQ. ESCALA,NEUC,RAD SOLAR,2022-12-22,OPERACION,2024-09-02
249,Sistema,3GTU,AGPE LA UNION ESTACION DE SERVICIO TERPEL,SOLAR,NO DESPACHADO CENTRALMENTE,AUTOG PEQ. ESCALA,NEUC,RAD SOLAR,2022-12-22,OPERACION,2024-09-02
250,Sistema,3GUT,AGPE GRUPO ALIMENTICIO ALBA DEL FONCE,SOLAR,NO DESPACHADO CENTRALMENTE,AUTOG PEQ. ESCALA,RTQC,RAD SOLAR,2022-12-22,OPERACION,2024-09-02
251,Sistema,3GVE,AGPE SERVIGRAFIC,SOLAR,NO DESPACHADO CENTRALMENTE,AUTOG PEQ. ESCALA,GNCC,RAD SOLAR,2022-12-29,OPERACION,2024-09-02
252,Sistema,3GVG,AGPE IMPOCALI OFICINAS,SOLAR,NO DESPACHADO CENTRALMENTE,AUTOG PEQ. ESCALA,QIEC,RAD SOLAR,2022-12-29,OPERACION,2024-09-02
253,Sistema,3GVI,GRANJA SOLAR FLANDES,SOLAR,NO DESPACHADO CENTRALMENTE,NORMAL,EPSG,RAD SOLAR,2023-03-27,OPERACION,2024-09-02
254,Sistema,3GVK,CELSIA SOLAR DULIMA,SOLAR,NO DESPACHADO CENTRALMENTE,NORMAL,EPSG,RAD SOLAR,2023-03-27,OPERACION,2024-09-02
255,Sistema,3GVM,CELSIA SOLAR YUMA,SOLAR,NO DESPACHADO CENTRALMENTE,NORMAL,EPSG,RAD SOLAR,2023-03-27,OPERACION,2024-09-02
256,Sistema,3GWG,AGPE SUAZAPAWA,SOLAR,NO DESPACHADO CENTRALMENTE,AUTOG PEQ. ESCALA,QIEC,RAD SOLAR,2022-12-29,OPERACION,2024-09-02
257,Sistema,3GX5,AGPE ORGANIZACION LA MERCED,SOLAR,NO DESPACHADO CENTRALMENTE,AUTOG PEQ. ESCALA,ASCC,RAD SOLAR,2023-01-05,OPERACION,2024-09-02
258,Sistema,3GX7,AGPE CASA JAVIER MERINO,SOLAR,NO DESPACHADO CENTRALMENTE,AUTOG PEQ. ESCALA,GNCC,RAD SOLAR,2023-01-05,OPERACION,2024-09-02
259,Sistema,3GZQ,AGPE ORION,SOLAR,NO DESPACHADO CENTRALMENTE,AUTOG PEQ. ESCALA,GNCC,RAD SOLAR,2023-01-19,OPERACION,2024-09-02
260,Sistema,3GZS,AGPE RINO MATERIALES,SOLAR,NO DESPACHADO CENTRALMENTE,AUTOG PEQ. ESCALA,GNCC,RAD SOLAR,2023-01-19,OPERACION,2024-09-02
261,Sistema,3GZU,AGPE GRANJA EL RHIN,SOLAR,NO DESPACHADO CENTRALMENTE,AUTOG PEQ. ESCALA,GNCC,RAD SOLAR,2023-01-19,OPERACION,2024-09-02
262,Sistema,3H2A,AGPE GRUPO DECOR,SOLAR,NO DESPACHADO CENTRALMENTE,AUTOG PEQ. ESCALA,NEUC,RAD SOLAR,2023-01-26,OPERACION,2024-09-02
263,Sistema,3H2I,AGPE BURO,SOLAR,NO DESPACHADO CENTRALMENTE,AUTOG PEQ. ESCALA,ETTC,RAD SOLAR,2023-01-26,OPERACION,2024-09-02
264,Sistema,3H2U,TZ II,HIDRAULICA,NO DESPACHADO CENTRALMENTE,NORMAL,CTZG,AGUA,2021-12-31,PRUEBAS,2024-09-02
265,Sistema,3H2W,AGPE AUTO ROBLE LTDA,SOLAR,NO DESPACHADO CENTRALMENTE,AUTOG PEQ. ESCALA,SCEC,RAD SOLAR,2023-02-01,OPERACION,2024-09-02
266,Sistema,3H31,AGPE HYR DISTRIBUCIONES,SOLAR,NO DESPACHADO CENTRALMENTE,AUTOG PEQ. ESCALA,NEUC,RAD SOLAR,2023-02-02,OPERACION,2024-09-02
267,Sistema,3H5W,AGPE INVERSIONES SAN GABRIEL SAS,SOLAR,NO DESPACHADO CENTRALMENTE,AUTOG PEQ. ESCALA,SCEC,RAD SOLAR,2023-02-16,OPERACION,2024-09-02
268,Sistema,3H5Y,AGPE SUMINTEGRALES SAS,SOLAR,NO DESPACHADO CENTRALMENTE,AUTOG PEQ. ESCALA,NEUC,RAD SOLAR,2023-02-16,OPERACION,2024-09-02
269,Sistema,3H61,AGPE EDS EL EDEN,SOLAR,NO DESPACHADO CENTRALMENTE,AUTOG PEQ. ESCALA,SCEC,RAD SOLAR,2023-02-16,OPERACION,2024-09-02
270,Sistema,3H7S,AGPE FARMACOS DE LA COSTA LTDA,SOLAR,NO DESPACHADO CENTRALMENTE,AUTOG PEQ. ESCALA,SCEC,RAD SOLAR,2023-02-23,OPERACION,2024-09-02
271,Sistema,3H9C,AGPE JUAN CARLOS VILARINO,SOLAR,NO DESPACHADO CENTRALMENTE,AUTOG PEQ. ESCALA,GNCC,RAD SOLAR,2023-02-23,OPERACION,2024-09-02
272,Sistema,3H9E,AGPE INVERSIONES MIL VARIEDADES SEDE 2,SOLAR,NO DESPACHADO CENTRALMENTE,AUTOG PEQ. ESCALA,GNCC,RAD SOLAR,2023-02-23,OPERACION,2024-09-02
273,Sistema,3HBJ,AGPE COLEGIO BOLIVAR,SOLAR,NO DESPACHADO CENTRALMENTE,AUTOG PEQ. ESCALA,EPSC,RAD SOLAR,2023-03-02,OPERACION,2024-09-02
274,Sistema,3HBL,AGPE INVERSIONES SANTA FE SEDE II,SOLAR,NO DESPACHADO CENTRALMENTE,AUTOG PEQ. ESCALA,GNCC,RAD SOLAR,2023-03-02,OPERACION,2024-09-02
275,Sistema,3HBN,TIERRA LINDA,SOLAR,NO DESPACHADO CENTRALMENTE,NORMAL,AAGG,RAD SOLAR,2023-04-04,OPERACION,2024-09-02
276,Sistema,3HBP,LA TOLUA,SOLAR,NO DESPACHADO CENTRALMENTE,NORMAL,AAGG,RAD SOLAR,2023-04-04,OPERACION,2024-09-02
277,Sistema,3HBR,AGPE GATO DUMAS BOGOTA,SOLAR,NO DESPACHADO CENTRALMENTE,AUTOG PEQ. ESCALA,BIAC,RAD SOLAR,2023-03-02,OPERACION,2024-09-02
278,Sistema,3HBT,AGPE HERMECO2,SOLAR,NO DESPACHADO CENTRALMENTE,AUTOG PEQ. ESCALA,NRCC,RAD SOLAR,2023-03-02,OPERACION,2024-09-02
279,Sistema,3HDE,SAN BARTOLOME,HIDRAULICA,NO DESPACHADO CENTRALMENTE,NORMAL,PSBG,AGUA,2023-05-14,OPERACION,2024-09-02
280,Sistema,3HDG,OIBITA,HIDRAULICA,NO DESPACHADO CENTRALMENTE,NORMAL,PSBG,AGUA,2023-05-14,OPERACION,2024-09-02
281,Sistema,3HE4,AGPE INVERSIONES LJC SAS,SOLAR,NO DESPACHADO CENTRALMENTE,AUTOG PEQ. ESCALA,BIAC,RAD SOLAR,2023-03-16,OPERACION,2024-09-02
282,Sistema,3HE8,AUTOG CELSIA SOLAR PALMIRA 3 ZONA FRANCA,SOLAR,NO DESPACHADO CENTRALMENTE,AUTOGENERADOR,EPSG,RAD SOLAR,2023-04-30,OPERACION,2024-09-02
283,Sistema,3HF5,FUNDACION,SOLAR,DESPACHADO CENTRALMENTE,NORMAL,ENDG,RAD SOLAR,2023-02-28,OPERACION,2024-09-02
284,Sistema,3HF7,CELSIA SOLAR LA VICTORIA II,SOLAR,NO DESPACHADO CENTRALMENTE,NORMAL,EPSG,RAD SOLAR,2023-08-30,OPERACION,2024-09-02
285,Sistema,3HF9,CELSIA SOLAR LA VICTORIA I,SOLAR,NO DESPACHADO CENTRALMENTE,NORMAL,EPSG,RAD SOLAR,2023-08-30,OPERACION,2024-09-02
286,Sistema,3HFV,AGPE COMERCIPOL SAS,SOLAR,NO DESPACHADO CENTRALMENTE,AUTOG PEQ. ESCALA,NEUC,RAD SOLAR,2023-03-23,OPERACION,2024-09-02
287,Sistema,3HG5,AGPE OIKOS,SOLAR,NO DESPACHADO CENTRALMENTE,AUTOG PEQ. ESCALA,NRCC,RAD SOLAR,2023-03-23,OPERACION,2024-09-02
288,Sistema,3HG7,COMUNIDAD EL SALVADOR I,SOLAR,NO DESPACHADO CENTRALMENTE,GEN. DISTRIBUIDA,ERRG,RAD SOLAR,2023-03-24,OPERACION,2024-09-02
289,Sistema,3HG9,COMUNIDAD EL SALVADOR II,SOLAR,NO DESPACHADO CENTRALMENTE,GEN. DISTRIBUIDA,ERRG,RAD SOLAR,2023-03-24,OPERACION,2024-09-02
290,Sistema,3HGI,AGPE CENTRO ADMINISTRATIVO FASE I,SOLAR,NO DESPACHADO CENTRALMENTE,AUTOG PEQ. ESCALA,RTQC,RAD SOLAR,2023-03-30,OPERACION,2024-09-02
291,Sistema,3HH7,AGPE NUTRIAVICOLA,SOLAR,NO DESPACHADO CENTRALMENTE,AUTOG PEQ. ESCALA,CETC,RAD SOLAR,2023-03-30,OPERACION,2024-09-02
292,Sistema,3HH9,AGPE TVAPAN 500 SA,SOLAR,NO DESPACHADO CENTRALMENTE,AUTOG PEQ. ESCALA,CETC,RAD SOLAR,2023-03-30,OPERACION,2024-09-02
293,Sistema,3HIA,AGPE SFV FLORES DE BRITANIA,SOLAR,NO DESPACHADO CENTRALMENTE,AUTOG PEQ. ESCALA,GNCC,RAD SOLAR,2023-04-06,OPERACION,2024-09-02
294,Sistema,3HJA,AGPE CASA 6 MALIBU,SOLAR,NO DESPACHADO CENTRALMENTE,AUTOG PEQ. ESCALA,SCEC,RAD SOLAR,2023-04-13,OPERACION,2024-09-02
295,Sistema,3HJE,AGPE EDFICIO CARRERA SEPTIMA,SOLAR,NO DESPACHADO CENTRALMENTE,AUTOG PEQ. ESCALA,EXEC,RAD SOLAR,2023-04-13,OPERACION,2024-09-02
296,Sistema,3HKK,AGPE LA FABRICA DE LA FELICIDAD,SOLAR,NO DESPACHADO CENTRALMENTE,AUTOG PEQ. ESCALA,EEPC,RAD SOLAR,2023-04-20,OPERACION,2024-09-02
297,Sistema,3HL2,AGPE CC EL DIAMANTE CLL 52 107,SOLAR,NO DESPACHADO CENTRALMENTE,AUTOG PEQ. ESCALA,BIAC,RAD SOLAR,2023-04-20,OPERACION,2024-09-02
298,Sistema,3HL9,AGPE ARA BARRANQUILLA CHIQUINQUIRA,SOLAR,NO DESPACHADO CENTRALMENTE,AUTOG PEQ. ESCALA,NEUC,RAD SOLAR,2023-04-27,OPERACION,2024-09-02
299,Sistema,3HLB,AGPE ARA SOLEDAD MANUELA BELTRAN,SOLAR,NO DESPACHADO CENTRALMENTE,AUTOG PEQ. ESCALA,NEUC,RAD SOLAR,2023-04-27,OPERACION,2024-09-02
300,Sistema,3HLD,LOS GIRASOLES,SOLAR,NO DESPACHADO CENTRALMENTE,NORMAL,PSGG,RAD SOLAR,2023-08-05,OPERACION,2024-09-02
301,Sistema,3HQW,AGPE SOCIEDAD DE ONCOLOGIA Y HEMATOLOGIA,SOLAR,NO DESPACHADO CENTRALMENTE,AUTOG PEQ. ESCALA,EXEC,RAD SOLAR,2023-05-11,OPERACION,2024-09-02
302,Sistema,3HQY,AGPE GEORGES NOBLE SCHOOL SAS,SOLAR,NO DESPACHADO CENTRALMENTE,AUTOG PEQ. ESCALA,SCEC,RAD SOLAR,2023-05-15,OPERACION,2024-09-02
303,Sistema,3HR1,AGPE RESTAURANTE GUACARI,SOLAR,NO DESPACHADO CENTRALMENTE,AUTOG PEQ. ESCALA,SCEC,RAD SOLAR,2023-05-15,OPERACION,2024-09-02
304,Sistema,3HRC,AGPE CENTRO COMERCIAL PUNTO CLAVE,SOLAR,NO DESPACHADO CENTRALMENTE,AUTOG PEQ. ESCALA,EPSC,RAD SOLAR,2023-05-18,OPERACION,2024-09-02
305,Sistema,3HRU,AGPE EDIFICIO CITY,SOLAR,NO DESPACHADO CENTRALMENTE,AUTOG PEQ. ESCALA,ETTC,RAD SOLAR,2023-05-18,OPERACION,2024-09-02
306,Sistema,3HS5,AGPE TAPUSH,SOLAR,NO DESPACHADO CENTRALMENTE,AUTOG PEQ. ESCALA,NEUC,RAD SOLAR,2023-05-25,OPERACION,2024-09-02
307,Sistema,3HS7,AGPE LAVANDERIA SUPER,SOLAR,NO DESPACHADO CENTRALMENTE,AUTOG PEQ. ESCALA,QIEC,RAD SOLAR,2023-05-25,OPERACION,2024-09-02
308,Sistema,3HS9,AUTOG BUGA I SOLLA,SOLAR,NO DESPACHADO CENTRALMENTE,AUTOGENERADOR,EPSG,RAD SOLAR,2023-06-16,OPERACION,2024-09-02
309,Sistema,3HTH,AGPE MERCADEO Y MODA,SOLAR,NO DESPACHADO CENTRALMENTE,AUTOG PEQ. ESCALA,GNCC,RAD SOLAR,2023-06-01,OPERACION,2024-09-02
310,Sistema,3HTJ,AGPE DIOCESIS JARDINES DEL ECCE HOMO,SOLAR,NO DESPACHADO CENTRALMENTE,AUTOG PEQ. ESCALA,GNCC,RAD SOLAR,2023-06-01,OPERACION,2024-09-02
311,Sistema,3HTL,AGPE LACTEOS RIOGRANDE SEDE PLATO,SOLAR,NO DESPACHADO CENTRALMENTE,AUTOG PEQ. ESCALA,GNCC,RAD SOLAR,2023-06-01,OPERACION,2024-09-02
312,Sistema,3HTN,AGPE FOTOLITO CENTRO,SOLAR,NO DESPACHADO CENTRALMENTE,AUTOG PEQ. ESCALA,GNCC,RAD SOLAR,2023-06-01,OPERACION,2024-09-02
313,Sistema,3HWK,AGPE EL ENCANTO,SOLAR,NO DESPACHADO CENTRALMENTE,AUTOG PEQ. ESCALA,NMRG,RAD SOLAR,2023-06-08,OPERACION,2024-09-02
314,Sistema,3HWM,PETALO DEL MAGDALENA,SOLAR,NO DESPACHADO CENTRALMENTE,NORMAL,EPSG,RAD SOLAR,2023-08-05,OPERACION,2024-09-02
315,Sistema,3HYG,URUACO,SOLAR,NO DESPACHADO CENTRALMENTE,NORMAL,DEPG,RAD SOLAR,2023-06-18,OPERACION,2024-09-02
316,Sistema,3I3I,AGPE CORPORACION EMPRESARIAL CARRERA,SOLAR,NO DESPACHADO CENTRALMENTE,AUTOG PEQ. ESCALA,GNCC,RAD SOLAR,2023-07-06,OPERACION,2024-09-02
317,Sistema,3I3K,AGPE DELIPAVO TENJO,SOLAR,NO DESPACHADO CENTRALMENTE,AUTOG PEQ. ESCALA,GNCC,RAD SOLAR,2023-07-06,OPERACION,2024-09-02
318,Sistema,3I3M,AGPE COLEGIO LA MEDALLA MILAGROSA,SOLAR,NO DESPACHADO CENTRALMENTE,AUTOG PEQ. ESCALA,GNCC,RAD SOLAR,2023-07-06,OPERACION,2024-09-02
319,Sistema,3I3O,AGPE EDIFICIO DUBO,SOLAR,NO DESPACHADO CENTRALMENTE,AUTOG PEQ. ESCALA,GNCC,RAD SOLAR,2023-07-06,OPERACION,2024-09-02
320,Sistema,3I3Q,AGPE SURTITODO PALMIRA,SOLAR,NO DESPACHADO CENTRALMENTE,AUTOG PEQ. ESCALA,GNCC,RAD SOLAR,2023-07-06,OPERACION,2024-09-02
321,Sistema,3I4A,AGPE ARMENIA HOTEL SA,SOLAR,NO DESPACHADO CENTRALMENTE,AUTOG PEQ. ESCALA,EPMC,RAD SOLAR,2023-07-06,OPERACION,2024-09-02
322,Sistema,3I4C,AGPE ICOLTRANS,SOLAR,NO DESPACHADO CENTRALMENTE,AUTOG PEQ. ESCALA,ETTC,RAD SOLAR,2023-07-06,OPERACION,2024-09-02
323,Sistema,3I6L,AGPE COMERCIALIZADORA BZUL SAS,SOLAR,NO DESPACHADO CENTRALMENTE,AUTOG PEQ. ESCALA,NEUC,RAD SOLAR,2023-07-13,OPERACION,2024-09-02
324,Sistema,3I6N,AGPE MGL INVERSIONES SAS,SOLAR,NO DESPACHADO CENTRALMENTE,AUTOG PEQ. ESCALA,NEUC,RAD SOLAR,2023-07-13,OPERACION,2024-09-02
325,Sistema,3I6P,AGPE CONSTRUCTORA LINDARAJA SAS,SOLAR,NO DESPACHADO CENTRALMENTE,AUTOG PEQ. ESCALA,NEUC,RAD SOLAR,2023-07-13,OPERACION,2024-09-02
326,Sistema,3I6R,AGPE CFZ MEDICINA ESTETICA,SOLAR,NO DESPACHADO CENTRALMENTE,AUTOG PEQ. ESCALA,NEUC,RAD SOLAR,2023-07-13,OPERACION,2024-09-02
327,Sistema,3I6V,AGPE EL CARRIEL FUNZA 2,SOLAR,NO DESPACHADO CENTRALMENTE,AUTOG PEQ. ESCALA,NEUC,RAD SOLAR,2023-07-13,OPERACION,2024-09-02
328,Sistema,3I6X,AGPE NELSON SEGUNDO GNECCO CERCHIARO,SOLAR,NO DESPACHADO CENTRALMENTE,AUTOG PEQ. ESCALA,NEUC,RAD SOLAR,2023-07-13,OPERACION,2024-09-02
329,Sistema,3I71,AGPE COOTRASUR FLORIDABLANCA,SOLAR,NO DESPACHADO CENTRALMENTE,AUTOG PEQ. ESCALA,GNCC,RAD SOLAR,2023-07-13,OPERACION,2024-09-02
330,Sistema,3I73,AGPE BOLTEN BARRANQUILLA,SOLAR,NO DESPACHADO CENTRALMENTE,AUTOG PEQ. ESCALA,GNCC,RAD SOLAR,2023-07-13,OPERACION,2024-09-02
331,Sistema,3ICX,AGPE MGL INVERSIONES SAS II,SOLAR,NO DESPACHADO CENTRALMENTE,AUTOG PEQ. ESCALA,NEUC,RAD SOLAR,2023-07-27,OPERACION,2024-09-02
332,Sistema,3ICZ,AGPE EVERARDO ARMENTA ALONSO,SOLAR,NO DESPACHADO CENTRALMENTE,AUTOG PEQ. ESCALA,NEUC,RAD SOLAR,2023-07-27,OPERACION,2024-09-02
333,Sistema,3ID2,AGPE EDS TAYRONA,SOLAR,NO DESPACHADO CENTRALMENTE,AUTOG PEQ. ESCALA,TPLC,RAD SOLAR,2023-07-27,OPERACION,2024-09-02
334,Sistema,3ID4,AGPE ROSANA CARRILLO MONSALVO,SOLAR,NO DESPACHADO CENTRALMENTE,AUTOG PEQ. ESCALA,NEUC,RAD SOLAR,2023-07-27,OPERACION,2024-09-02
335,Sistema,3ID6,AGPE SOFITEL CASA LOMA,SOLAR,NO DESPACHADO CENTRALMENTE,AUTOG PEQ. ESCALA,BIAC,RAD SOLAR,2023-07-27,OPERACION,2024-09-02
336,Sistema,3II2,AGPE JESUALDO MORELLI SOCARRAS,SOLAR,NO DESPACHADO CENTRALMENTE,AUTOG PEQ. ESCALA,NEUC,RAD SOLAR,2023-08-10,OPERACION,2024-09-02
337,Sistema,3II4,AGPE VASQUEZ LLINAS DESING SAS,SOLAR,NO DESPACHADO CENTRALMENTE,AUTOG PEQ. ESCALA,NEUC,RAD SOLAR,2023-08-10,OPERACION,2024-09-02
338,Sistema,3II6,AGPE MI FUTURO DON CAMPO,SOLAR,NO DESPACHADO CENTRALMENTE,AUTOG PEQ. ESCALA,NEUC,RAD SOLAR,2023-08-10,OPERACION,2024-09-02
339,Sistema,3II8,AGPE CELMIRA GALVIS FAJARDO,SOLAR,NO DESPACHADO CENTRALMENTE,AUTOG PEQ. ESCALA,NEUC,RAD SOLAR,2023-08-10,OPERACION,2024-09-02
340,Sistema,3IIA,AGPE DISTRIBUIDORA Y COMERCIALIZADORA SALEM,SOLAR,NO DESPACHADO CENTRALMENTE,AUTOG PEQ. ESCALA,NEUC,RAD SOLAR,2023-08-10,OPERACION,2024-09-02
341,Sistema,3IIC,AGPE YOLANDA BAUTE CASTRO,SOLAR,NO DESPACHADO CENTRALMENTE,AUTOG PEQ. ESCALA,NEUC,RAD SOLAR,2023-08-10,OPERACION,2024-09-02
342,Sistema,3IIE,AGPE INVERSIONES LAS MARIAS SAS,SOLAR,NO DESPACHADO CENTRALMENTE,AUTOG PEQ. ESCALA,NEUC,RAD SOLAR,2023-08-10,OPERACION,2024-09-02
343,Sistema,3IIG,AGPE INVERSIONES LUJO SAS,SOLAR,NO DESPACHADO CENTRALMENTE,AUTOG PEQ. ESCALA,NEUC,RAD SOLAR,2023-08-10,OPERACION,2024-09-02
344,Sistema,3III,AGPE JAVIER DARIO MONSALVO BOLIVAR,SOLAR,NO DESPACHADO CENTRALMENTE,AUTOG PEQ. ESCALA,NEUC,RAD SOLAR,2023-08-10,OPERACION,2024-09-02
345,Sistema,3IIK,AGPE CLAUDIA MARCELA OTALORA MAHECHA,SOLAR,NO DESPACHADO CENTRALMENTE,AUTOG PEQ. ESCALA,NEUC,RAD SOLAR,2023-08-10,OPERACION,2024-09-02
346,Sistema,3IIM,AGPE JESUS ANTONIO BALLESTEROS GALVIS,SOLAR,NO DESPACHADO CENTRALMENTE,AUTOG PEQ. ESCALA,NEUC,RAD SOLAR,2023-08-10,OPERACION,2024-09-02
347,Sistema,3IIO,AGPE VIVA MAYALES SAS,SOLAR,NO DESPACHADO CENTRALMENTE,AUTOG PEQ. ESCALA,NEUC,RAD SOLAR,2023-08-10,OPERACION,2024-09-02
348,Sistema,3IIQ,AGPE PLANTA LUBRICANTES,SOLAR,NO DESPACHADO CENTRALMENTE,AUTOG PEQ. ESCALA,TPLC,RAD SOLAR,2023-08-10,OPERACION,2024-09-02
349,Sistema,3IIT,AGPE MIL VARIEDADES I,SOLAR,NO DESPACHADO CENTRALMENTE,AUTOG PEQ. ESCALA,GNCC,RAD SOLAR,2023-08-10,OPERACION,2024-09-02
350,Sistema,3IIV,AGPE COLEGIO BERCHMANS,SOLAR,NO DESPACHADO CENTRALMENTE,AUTOG PEQ. ESCALA,EPSC,RAD SOLAR,2023-08-10,OPERACION,2024-09-02
351,Sistema,3IJF,AUTOG COSTAYACO,TERMICA,NO DESPACHADO CENTRALMENTE,AUTOGENERADOR,DEPG,GAS,2023-09-04,OPERACION,2024-09-02
352,Sistema,3IML,AGPE BODYTECH COLINA,SOLAR,NO DESPACHADO CENTRALMENTE,AUTOG PEQ. ESCALA,EXEC,RAD SOLAR,2023-08-31,OPERACION,2024-09-02
353,Sistema,3IMN,AGPE BODYTECH CHAPINERO,SOLAR,NO DESPACHADO CENTRALMENTE,AUTOG PEQ. ESCALA,EXEC,RAD SOLAR,2023-08-31,OPERACION,2024-09-02
354,Sistema,3INT,AGPE JOSE ALFREDO GNECCO ZULETA,SOLAR,NO DESPACHADO CENTRALMENTE,AUTOG PEQ. ESCALA,NEUC,RAD SOLAR,2023-09-07,OPERACION,2024-09-02
355,Sistema,3INX,CARACOLI I,SOLAR,DESPACHADO CENTRALMENTE,NORMAL,SDCG,RAD SOLAR,2023-07-31,PRUEBAS,2024-09-02
356,Sistema,3IOY,AGPE NORMANDY,SOLAR,NO DESPACHADO CENTRALMENTE,AUTOG PEQ. ESCALA,EPMC,RAD SOLAR,2023-09-14,OPERACION,2024-09-02
357,Sistema,3IP1,AGPE FLORES DEL ZORRO,SOLAR,NO DESPACHADO CENTRALMENTE,AUTOG PEQ. ESCALA,ETTC,RAD SOLAR,2023-09-14,OPERACION,2024-09-02
358,Sistema,3IP3,AGPE LUZ MILA MORELLI SOCARRAS,SOLAR,NO DESPACHADO CENTRALMENTE,AUTOG PEQ. ESCALA,NEUC,RAD SOLAR,2023-09-14,OPERACION,2024-09-02
359,Sistema,3IP5,AGPE INVERSIONES VILLA ROSA DEL CESAR,SOLAR,NO DESPACHADO CENTRALMENTE,AUTOG PEQ. ESCALA,NEUC,RAD SOLAR,2023-09-14,OPERACION,2024-09-02
360,Sistema,3IP7,AGPE ALCIELO CONSTRUCTORA,SOLAR,NO DESPACHADO CENTRALMENTE,AUTOG PEQ. ESCALA,SCEC,RAD SOLAR,2023-09-14,OPERACION,2024-09-02
361,Sistema,3IQ2,AGPE LA CALI PRINCIPAL,SOLAR,NO DESPACHADO CENTRALMENTE,AUTOG PEQ. ESCALA,GNCC,RAD SOLAR,2023-09-14,OPERACION,2024-09-02
362,Sistema,3IQA,SUNNORTE,SOLAR,DESPACHADO CENTRALMENTE,NORMAL,GNSG,RAD SOLAR,2022-12-31,PRUEBAS,2024-09-02
363,Sistema,3IRX,PORTON DEL SOL,SOLAR,DESPACHADO CENTRALMENTE,NORMAL,PDSG,RAD SOLAR,2024-03-08,OPERACION,2024-09-02
364,Sistema,3IRZ,LA CASCADA DE GRANADA,HIDRAULICA,NO DESPACHADO CENTRALMENTE,NORMAL,SFEG,AGUA,2023-09-30,OPERACION,2024-09-02
365,Sistema,3IS2,PARQUE SOLAR ARENAL,SOLAR,NO DESPACHADO CENTRALMENTE,NORMAL,NTCG,RAD SOLAR,2023-12-30,OPERACION,2024-09-02
366,Sistema,3ISD,AGPE ORF SA,SOLAR,NO DESPACHADO CENTRALMENTE,AUTOG PEQ. ESCALA,ISGC,RAD SOLAR,2023-10-01,OPERACION,2024-09-02
367,Sistema,3ITE,AGPE UNICOR JUANITA ISAZA,SOLAR,NO DESPACHADO CENTRALMENTE,AUTOG PEQ. ESCALA,NEUC,RAD SOLAR,2023-10-05,OPERACION,2024-09-02
368,Sistema,3ITG,AGPE INVERSIONES MONGNE,SOLAR,NO DESPACHADO CENTRALMENTE,AUTOG PEQ. ESCALA,NEUC,RAD SOLAR,2023-10-05,OPERACION,2024-09-02
369,Sistema,3ITI,AGPE GERMAN FRANCISCO MORON,SOLAR,NO DESPACHADO CENTRALMENTE,AUTOG PEQ. ESCALA,NEUC,RAD SOLAR,2023-10-05,OPERACION,2024-09-02
370,Sistema,3ITK,AGPE INDUSTRIAS MACAR PALMIRA,SOLAR,NO DESPACHADO CENTRALMENTE,AUTOG PEQ. ESCALA,BIAC,RAD SOLAR,2023-10-05,OPERACION,2024-09-02
371,Sistema,3ITM,AGPE HACIENDA SAN FELIPE,SOLAR,NO DESPACHADO CENTRALMENTE,AUTOG PEQ. ESCALA,GNCC,RAD SOLAR,2023-10-05,OPERACION,2024-09-02
372,Sistema,3ITO,AGPE NUTRILACTEOS DEL SUR,SOLAR,NO DESPACHADO CENTRALMENTE,AUTOG PEQ. ESCALA,GNCC,RAD SOLAR,2023-10-05,OPERACION,2024-09-02
373,Sistema,3ITQ,AGPE HOTEL ASTOR BYHOURS,SOLAR,NO DESPACHADO CENTRALMENTE,AUTOG PEQ. ESCALA,GNCC,RAD SOLAR,2023-10-05,OPERACION,2024-09-02
374,Sistema,3IUT,AGPE RESIDENCIA SIGLO XXI,SOLAR,NO DESPACHADO CENTRALMENTE,AUTOG PEQ. ESCALA,SCEC,RAD SOLAR,2023-10-10,OPERACION,2024-09-02
375,Sistema,3IUZ,AGPE LADRILLERA SANTANDER,SOLAR,NO DESPACHADO CENTRALMENTE,AUTOG PEQ. ESCALA,FERC,RAD SOLAR,2023-10-12,OPERACION,2024-09-02
376,Sistema,3IZ6,PARQUE SOLAR LA UNION,SOLAR,DESPACHADO CENTRALMENTE,NORMAL,SLUG,RAD SOLAR,2024-06-19,OPERACION,2024-09-02
377,Sistema,3IZQ,AGPE FARMATODO MANGA,SOLAR,NO DESPACHADO CENTRALMENTE,AUTOG PEQ. ESCALA,GNCC,RAD SOLAR,2023-10-26,OPERACION,2024-09-02
378,Sistema,3IZS,AGPE IML ETIQUETAS,SOLAR,NO DESPACHADO CENTRALMENTE,AUTOG PEQ. ESCALA,EEPC,RAD SOLAR,2023-10-26,OPERACION,2024-09-02
379,Sistema,3IZU,AGPE RAMIREZ ZULUAGA E HIJOS,SOLAR,NO DESPACHADO CENTRALMENTE,AUTOG PEQ. ESCALA,QIEC,RAD SOLAR,2023-10-26,OPERACION,2024-09-02
380,Sistema,3IZW,AGPE COMFENALCO QUINDIO,SOLAR,NO DESPACHADO CENTRALMENTE,AUTOG PEQ. ESCALA,EPMC,RAD SOLAR,2023-10-26,OPERACION,2024-09-02
381,Sistema,3J1J,PARQUE SOLAR HONDA I,SOLAR,NO DESPACHADO CENTRALMENTE,NORMAL,AAGG,RAD SOLAR,2023-12-28,OPERACION,2024-09-02
382,Sistema,3J2B,SOLAR PLANETA RICA,SOLAR,NO DESPACHADO CENTRALMENTE,NORMAL,EPSG,RAD SOLAR,2024-04-17,OPERACION,2024-09-02
383,Sistema,3J2H,PETALO DE CORDOBA II,SOLAR,NO DESPACHADO CENTRALMENTE,NORMAL,BCCG,RAD SOLAR,2023-12-16,OPERACION,2024-09-02
384,Sistema,3J2K,AGPE DISPROLACTEOS,SOLAR,NO DESPACHADO CENTRALMENTE,AUTOG PEQ. ESCALA,SCEC,RAD SOLAR,2023-11-16,OPERACION,2024-09-02
385,Sistema,3J2O,AGPE BODYTECH CHICO,SOLAR,NO DESPACHADO CENTRALMENTE,AUTOG PEQ. ESCALA,EXEC,RAD SOLAR,2023-11-16,OPERACION,2024-09-02
386,Sistema,3J2Q,AGPE LA CORSARIA,SOLAR,NO DESPACHADO CENTRALMENTE,AUTOG PEQ. ESCALA,RTQC,RAD SOLAR,2023-11-16,OPERACION,2024-09-02
387,Sistema,3J2Y,AGPE HUMAX,SOLAR,NO DESPACHADO CENTRALMENTE,AUTOG PEQ. ESCALA,GNCC,RAD SOLAR,2023-11-23,OPERACION,2024-09-02
388,Sistema,3J31,AGPE EDS SAN RAFAEL,SOLAR,NO DESPACHADO CENTRALMENTE,AUTOG PEQ. ESCALA,TPLC,RAD SOLAR,2023-11-23,OPERACION,2024-09-02
389,Sistema,3J33,AGPE GRAFICAS DIAMANTE,SOLAR,NO DESPACHADO CENTRALMENTE,AUTOG PEQ. ESCALA,GNCC,RAD SOLAR,2023-11-23,OPERACION,2024-09-02
390,Sistema,3J35,AGPE EDIFICIO V1501,SOLAR,NO DESPACHADO CENTRALMENTE,AUTOG PEQ. ESCALA,ASCC,RAD SOLAR,2023-11-23,OPERACION,2024-09-02
391,Sistema,3J37,AGPE INVERSIONES PASTO,SOLAR,NO DESPACHADO CENTRALMENTE,AUTOG PEQ. ESCALA,ASCC,RAD SOLAR,2023-11-23,OPERACION,2024-09-02
392,Sistema,3J39,AGPE MAXXILLANTAS NO2,SOLAR,NO DESPACHADO CENTRALMENTE,AUTOG PEQ. ESCALA,SCEC,RAD SOLAR,2023-11-23,OPERACION,2024-09-02
393,Sistema,3J3B,AGPE BELLAVISTA COAL,SOLAR,NO DESPACHADO CENTRALMENTE,AUTOG PEQ. ESCALA,GNCC,RAD SOLAR,2023-11-23,OPERACION,2024-09-02
394,Sistema,3J3D,AGPE LA TURBINA,SOLAR,NO DESPACHADO CENTRALMENTE,AUTOG PEQ. ESCALA,SCEC,RAD SOLAR,2023-11-23,OPERACION,2024-09-02
395,Sistema,3J4D,CAIMAN CIENAGUERO,SOLAR,NO DESPACHADO CENTRALMENTE,NORMAL,GNYG,RAD SOLAR,2023-12-15,OPERACION,2024-09-02
396,Sistema,3J4R,PARQUE SOLAR DINAMARCA,SOLAR,NO DESPACHADO CENTRALMENTE,NORMAL,GNYG,RAD SOLAR,2024-03-11,OPERACION,2024-09-02
397,Sistema,3J4T,PARQUE SOLAR VERSALLES,SOLAR,NO DESPACHADO CENTRALMENTE,NORMAL,GNYG,RAD SOLAR,2024-03-11,OPERACION,2024-09-02
398,Sistema,3J4V,PARQUE SOLAR LA MENA,SOLAR,NO DESPACHADO CENTRALMENTE,NORMAL,GNYG,RAD SOLAR,2024-02-16,OPERACION,2024-09-02
399,Sistema,3J5V,AGPE LUCAS JARAMILLO MONTOYA,SOLAR,NO DESPACHADO CENTRALMENTE,AUTOG PEQ. ESCALA,SCEC,RAD SOLAR,2023-12-04,OPERACION,2024-09-02
400,Sistema,3J5X,AGPE NATACHA JARAMILLO MONTOYA,SOLAR,NO DESPACHADO CENTRALMENTE,AUTOG PEQ. ESCALA,SCEC,RAD SOLAR,2023-12-04,OPERACION,2024-09-02
401,Sistema,3J83,GUAMO,SOLAR,NO DESPACHADO CENTRALMENTE,NORMAL,ERRG,RAD SOLAR,2023-10-31,PRUEBAS,2024-09-02
402,Sistema,3J85,NUMBANA,SOLAR,NO DESPACHADO CENTRALMENTE,NORMAL,ERRG,RAD SOLAR,2023-10-31,PRUEBAS,2024-09-02
403,Sistema,3J8B,AGPE TIENDA Y EXPEDIDO DE CARNES JC,SOLAR,NO DESPACHADO CENTRALMENTE,AUTOG PEQ. ESCALA,GNCC,RAD SOLAR,2023-12-14,OPERACION,2024-09-02
404,Sistema,3J8T,AGPE TREKKER HOSTELS,SOLAR,NO DESPACHADO CENTRALMENTE,AUTOG PEQ. ESCALA,NEUC,RAD SOLAR,2023-12-21,OPERACION,2024-09-02
405,Sistema,3J8V,AGPE ARA CARTAGENA SANTA MONICA,SOLAR,NO DESPACHADO CENTRALMENTE,AUTOG PEQ. ESCALA,NEUC,RAD SOLAR,2023-12-21,OPERACION,2024-09-02
406,Sistema,3J8X,AGPE ARA CARTAGENA LOS CORALES,SOLAR,NO DESPACHADO CENTRALMENTE,AUTOG PEQ. ESCALA,NEUC,RAD SOLAR,2023-12-21,OPERACION,2024-09-02
407,Sistema,3J8Z,AGPE ARA CARTAGENA PROVIDENCIA,SOLAR,NO DESPACHADO CENTRALMENTE,AUTOG PEQ. ESCALA,NEUC,RAD SOLAR,2023-12-21,OPERACION,2024-09-02
408,Sistema,3JA3,AGPE PORTAL DEL CARIBE,SOLAR,NO DESPACHADO CENTRALMENTE,AUTOG PEQ. ESCALA,GNCC,RAD SOLAR,2023-12-21,OPERACION,2024-09-02
409,Sistema,3JBP,LA NENERA,SOLAR,NO DESPACHADO CENTRALMENTE,GEN. DISTRIBUIDA,ERRG,RAD SOLAR,2024-01-13,OPERACION,2024-09-02
410,Sistema,3JG3,AGPE MULTIIDEAS SAS,SOLAR,NO DESPACHADO CENTRALMENTE,AUTOG PEQ. ESCALA,GNCC,RAD SOLAR,2024-01-18,OPERACION,2024-09-02
411,Sistema,3JG5,AGPE FARMATODO RODADERO,SOLAR,NO DESPACHADO CENTRALMENTE,AUTOG PEQ. ESCALA,GNCC,RAD SOLAR,2024-01-18,OPERACION,2024-09-02
412,Sistema,3JHX,AGPE LA MASIA,SOLAR,NO DESPACHADO CENTRALMENTE,AUTOG PEQ. ESCALA,RTQC,RAD SOLAR,2024-01-18,OPERACION,2024-09-02
413,Sistema,3JHZ,AGPE PLATINUM INVESTMENTS,SOLAR,NO DESPACHADO CENTRALMENTE,AUTOG PEQ. ESCALA,ASCC,RAD SOLAR,2024-01-18,OPERACION,2024-09-02
414,Sistema,3JI2,AGPE SAMUEL DAVID JULIO AMIGO,SOLAR,NO DESPACHADO CENTRALMENTE,AUTOG PEQ. ESCALA,SCEC,RAD SOLAR,2024-01-18,OPERACION,2024-09-02
415,Sistema,3JI4,AGPE INVERSIONES COSIE,SOLAR,NO DESPACHADO CENTRALMENTE,AUTOG PEQ. ESCALA,ETTC,RAD SOLAR,2024-01-18,OPERACION,2024-09-02
416,Sistema,3JNL,AGPE MOLINOS EL YOPAL,SOLAR,NO DESPACHADO CENTRALMENTE,AUTOG PEQ. ESCALA,GNCC,RAD SOLAR,2024-05-01,OPERACION,2024-09-02
417,Sistema,3JNN,AGPE CENTROABASTOS SA,SOLAR,NO DESPACHADO CENTRALMENTE,AUTOG PEQ. ESCALA,RTQC,RAD SOLAR,2024-02-08,OPERACION,2024-09-02
418,Sistema,3JNP,AGPE LENA BEATRIZ REZA GARCIA,SOLAR,NO DESPACHADO CENTRALMENTE,AUTOG PEQ. ESCALA,SCEC,RAD SOLAR,2024-02-08,OPERACION,2024-09-02
419,Sistema,3JNR,AUTOG UNIBOL 1,TERMICA,NO DESPACHADO CENTRALMENTE,AUTOGENERADOR,NRCG,GAS,2024-02-11,OPERACION,2024-09-02
420,Sistema,3JP6,GD BASILICA,SOLAR,NO DESPACHADO CENTRALMENTE,GEN. DISTRIBUIDA,EPSG,RAD SOLAR,2024-02-16,OPERACION,2024-09-02
421,Sistema,3JP8,GD LA URIBE,SOLAR,NO DESPACHADO CENTRALMENTE,GEN. DISTRIBUIDA,EPSG,RAD SOLAR,2024-03-14,OPERACION,2024-09-02
422,Sistema,3JPA,GD ALFEREZ,SOLAR,NO DESPACHADO CENTRALMENTE,GEN. DISTRIBUIDA,EPSG,RAD SOLAR,2024-02-22,OPERACION,2024-09-02
423,Sistema,3JPC,GD CHICORAL,SOLAR,NO DESPACHADO CENTRALMENTE,GEN. DISTRIBUIDA,EPSG,RAD SOLAR,2024-05-19,OPERACION,2024-09-02
424,Sistema,3JPE,GD LOS CHORROS,SOLAR,NO DESPACHADO CENTRALMENTE,GEN. DISTRIBUIDA,EPSG,RAD SOLAR,2024-02-16,OPERACION,2024-09-02
425,Sistema,3JPK,MINIGRANJA SAN PEDRO,SOLAR,NO DESPACHADO CENTRALMENTE,GEN. DISTRIBUIDA,NTCG,RAD SOLAR,2024-02-27,OPERACION,2024-09-02
426,Sistema,3JPM,BARAYA,SOLAR,NO DESPACHADO CENTRALMENTE,GEN. DISTRIBUIDA,UNGG,RAD SOLAR,2024-02-18,OPERACION,2024-09-02
427,Sistema,3JQA,GD EL BANCO,SOLAR,NO DESPACHADO CENTRALMENTE,GEN. DISTRIBUIDA,EPSG,RAD SOLAR,2024-02-22,OPERACION,2024-09-02
428,Sistema,3JQC,GANDALF,SOLAR,NO DESPACHADO CENTRALMENTE,GEN. DISTRIBUIDA,UNGG,RAD SOLAR,2024-02-22,OPERACION,2024-09-02
429,Sistema,3JQE,CANAHUATE,SOLAR,NO DESPACHADO CENTRALMENTE,GEN. DISTRIBUIDA,UNGG,RAD SOLAR,2024-02-22,OPERACION,2024-09-02
430,Sistema,3JQL,AGPE CORPORACION CLUB COLOMBIA,SOLAR,NO DESPACHADO CENTRALMENTE,AUTOG PEQ. ESCALA,ASCC,RAD SOLAR,2024-02-22,OPERACION,2024-09-02
431,Sistema,3JQT,AGPE TELESENTINEL,SOLAR,NO DESPACHADO CENTRALMENTE,AUTOG PEQ. ESCALA,ETTC,RAD SOLAR,2024-02-22,OPERACION,2024-09-02
432,Sistema,3JQV,AGPE ARA SAN VICENTE,SOLAR,NO DESPACHADO CENTRALMENTE,AUTOG PEQ. ESCALA,GNCC,RAD SOLAR,2024-02-22,OPERACION,2024-09-02
433,Sistema,3JQX,AGPE MODULTEC II,SOLAR,NO DESPACHADO CENTRALMENTE,AUTOG PEQ. ESCALA,GNCC,RAD SOLAR,2024-02-22,OPERACION,2024-09-02
434,Sistema,3JQZ,AGPE MODULTEC I,SOLAR,NO DESPACHADO CENTRALMENTE,AUTOG PEQ. ESCALA,GNCC,RAD SOLAR,2024-02-22,OPERACION,2024-09-02
435,Sistema,3JR2,AGPE MODULTEC III,SOLAR,NO DESPACHADO CENTRALMENTE,AUTOG PEQ. ESCALA,GNCC,RAD SOLAR,2024-02-22,OPERACION,2024-09-02
436,Sistema,3K52,AGPE SINCRON OFICINAS,SOLAR,NO DESPACHADO CENTRALMENTE,AUTOG PEQ. ESCALA,ENBC,RAD SOLAR,2024-02-29,OPERACION,2024-09-02
437,Sistema,3K54,AGPE SINCRON PANCE,SOLAR,NO DESPACHADO CENTRALMENTE,AUTOG PEQ. ESCALA,ENBC,RAD SOLAR,2024-02-29,OPERACION,2024-09-02
438,Sistema,3K56,AGPE AMISALUD SAS,SOLAR,NO DESPACHADO CENTRALMENTE,AUTOG PEQ. ESCALA,ENBC,RAD SOLAR,2024-02-29,OPERACION,2024-09-02
439,Sistema,3K5A,AGPE CLINICA SALUD ORAL,SOLAR,NO DESPACHADO CENTRALMENTE,AUTOG PEQ. ESCALA,GNCC,RAD SOLAR,2024-02-29,OPERACION,2024-09-02
440,Sistema,3K5C,AGPE GRASAS Y LACTEOS DE OCCIDENTE,SOLAR,NO DESPACHADO CENTRALMENTE,AUTOG PEQ. ESCALA,EPSC,RAD SOLAR,2024-02-29,OPERACION,2024-09-02
441,Sistema,3K5E,AGPE CONGNAR,SOLAR,NO DESPACHADO CENTRALMENTE,AUTOG PEQ. ESCALA,ETTC,RAD SOLAR,2024-02-29,OPERACION,2024-09-02
442,Sistema,3K5G,AGPE EDGAVDA,SOLAR,NO DESPACHADO CENTRALMENTE,AUTOG PEQ. ESCALA,ETTC,RAD SOLAR,2024-02-29,OPERACION,2024-09-02
443,Sistema,3K5I,AGPE ARIS TEXTIL SAS,SOLAR,NO DESPACHADO CENTRALMENTE,AUTOG PEQ. ESCALA,GNCC,RAD SOLAR,2024-02-29,OPERACION,2024-09-02
444,Sistema,3K5Y,AGPE SALUD FORMA MEDICAL ESTHETIC,SOLAR,NO DESPACHADO CENTRALMENTE,AUTOG PEQ. ESCALA,SCEC,RAD SOLAR,2024-03-01,OPERACION,2024-09-02
445,Sistema,3K6R,AGPE PANADERIA GALAN,SOLAR,NO DESPACHADO CENTRALMENTE,AUTOG PEQ. ESCALA,GNCC,RAD SOLAR,2024-03-07,OPERACION,2024-09-02
446,Sistema,3K6T,SOLAR ALEJANDRIA,SOLAR,NO DESPACHADO CENTRALMENTE,NORMAL,GNYG,RAD SOLAR,2024-04-27,OPERACION,2024-09-02
447,Sistema,3K6V,AGPE BANCO DE BOGOTA JAMUNDI,SOLAR,NO DESPACHADO CENTRALMENTE,AUTOG PEQ. ESCALA,GNCC,RAD SOLAR,2024-03-07,OPERACION,2024-09-02
448,Sistema,3K6X,GD LA HONDA,SOLAR,NO DESPACHADO CENTRALMENTE,GEN. DISTRIBUIDA,EPSG,RAD SOLAR,2024-03-14,OPERACION,2024-09-02
449,Sistema,3K7L,AGPE RTS TULUA,SOLAR,NO DESPACHADO CENTRALMENTE,AUTOG PEQ. ESCALA,GNCC,RAD SOLAR,2024-03-14,OPERACION,2024-09-02
450,Sistema,3K7N,AGPE FUNGICOL Y CIA,SOLAR,NO DESPACHADO CENTRALMENTE,AUTOG PEQ. ESCALA,GNCC,RAD SOLAR,2024-03-14,OPERACION,2024-09-02
451,Sistema,3K7P,AGPE ANDALUCIA TALLER,SOLAR,NO DESPACHADO CENTRALMENTE,AUTOG PEQ. ESCALA,GNCC,RAD SOLAR,2024-03-14,OPERACION,2024-09-02
452,Sistema,3K7R,AGPE ANDALUCIA POSCOSECHA,SOLAR,NO DESPACHADO CENTRALMENTE,AUTOG PEQ. ESCALA,GNCC,RAD SOLAR,2024-03-14,OPERACION,2024-09-02
453,Sistema,3K7T,AGPE ANDALUCIA PORTERIA,SOLAR,NO DESPACHADO CENTRALMENTE,AUTOG PEQ. ESCALA,GNCC,RAD SOLAR,2024-03-14,OPERACION,2024-09-02
454,Sistema,3K88,AGPE FABRICA CALZADO ROMULO,SOLAR,NO DESPACHADO CENTRALMENTE,AUTOG PEQ. ESCALA,FERC,RAD SOLAR,2024-03-21,OPERACION,2024-09-02
455,Sistema,3K8A,CELSIA SOLAR ALUMINA,SOLAR,NO DESPACHADO CENTRALMENTE,AUTOGENERADOR,EPSG,RAD SOLAR,2024-03-24,OPERACION,2024-09-02
456,Sistema,3K8C,BSB 503,SOLAR,NO DESPACHADO CENTRALMENTE,NORMAL,ISGG,RAD SOLAR,2023-07-31,PRUEBAS,2024-09-02
457,Sistema,3K8E,BSB 504,SOLAR,NO DESPACHADO CENTRALMENTE,NORMAL,ISGG,RAD SOLAR,2023-07-31,PRUEBAS,2024-09-02
458,Sistema,3K91,AGPE CALZACOSTA OFICINAS,SOLAR,NO DESPACHADO CENTRALMENTE,AUTOG PEQ. ESCALA,GNCC,RAD SOLAR,2024-03-28,OPERACION,2024-09-02
459,Sistema,3K93,AGPE CI FARMAPLAST,SOLAR,NO DESPACHADO CENTRALMENTE,AUTOG PEQ. ESCALA,ETTC,RAD SOLAR,2024-03-28,OPERACION,2024-09-02
460,Sistema,3KA2,AGPE PEDRO ANTONIO TOSCANO TOSCANO,SOLAR,NO DESPACHADO CENTRALMENTE,AUTOG PEQ. ESCALA,SCEC,RAD SOLAR,2024-04-01,OPERACION,2024-09-02
461,Sistema,3KA6,AGPE CC LA FLORIDA I,SOLAR,NO DESPACHADO CENTRALMENTE,AUTOG PEQ. ESCALA,RTQC,RAD SOLAR,2024-04-04,OPERACION,2024-09-02
462,Sistema,3KA8,AGPE SOLUCIONES ADUANERAS,SOLAR,NO DESPACHADO CENTRALMENTE,AUTOG PEQ. ESCALA,BIAC,RAD SOLAR,2024-04-04,OPERACION,2024-09-02
463,Sistema,3KE2,AGPE BICITIENDA JR,SOLAR,NO DESPACHADO CENTRALMENTE,AUTOG PEQ. ESCALA,SCEC,RAD SOLAR,2024-04-11,OPERACION,2024-09-02
464,Sistema,3KE4,AGPE CARLOS MANUEL BOOM BURGOS,SOLAR,NO DESPACHADO CENTRALMENTE,AUTOG PEQ. ESCALA,SCEC,RAD SOLAR,2024-04-11,OPERACION,2024-09-02
465,Sistema,3KE6,AGPE KALA,SOLAR,NO DESPACHADO CENTRALMENTE,AUTOG PEQ. ESCALA,SCEC,RAD SOLAR,2024-04-11,OPERACION,2024-09-02
466,Sistema,3KJK,SOL Y CIELO I,SOLAR,NO DESPACHADO CENTRALMENTE,NORMAL,EYCG,RAD SOLAR,2024-05-26,OPERACION,2024-09-02
467,Sistema,3KK1,AGPE MEAT MARKET,SOLAR,NO DESPACHADO CENTRALMENTE,AUTOG PEQ. ESCALA,ENBC,RAD SOLAR,2024-04-18,OPERACION,2024-09-02
468,Sistema,3KK3,AGPE VITELSA,SOLAR,NO DESPACHADO CENTRALMENTE,AUTOG PEQ. ESCALA,ETTC,RAD SOLAR,2024-04-18,OPERACION,2024-09-02
469,Sistema,3KK5,AGPE DINISSAN CALI,SOLAR,NO DESPACHADO CENTRALMENTE,AUTOG PEQ. ESCALA,ETTC,RAD SOLAR,2024-04-18,OPERACION,2024-09-02
470,Sistema,3KK7,AGPE ABISAI,SOLAR,NO DESPACHADO CENTRALMENTE,AUTOG PEQ. ESCALA,ETTC,RAD SOLAR,2024-04-18,OPERACION,2024-09-02
471,Sistema,3KK9,AGPE SUPERCANAVERAL,SOLAR,NO DESPACHADO CENTRALMENTE,AUTOG PEQ. ESCALA,ETTC,RAD SOLAR,2024-04-18,OPERACION,2024-09-02
472,Sistema,3KKB,AGPE JORGE EMILIO MONTES,SOLAR,NO DESPACHADO CENTRALMENTE,AUTOG PEQ. ESCALA,SCEC,RAD SOLAR,2024-04-18,OPERACION,2024-09-02
473,Sistema,3KKD,AGPE VITE,SOLAR,NO DESPACHADO CENTRALMENTE,AUTOG PEQ. ESCALA,ETTC,RAD SOLAR,2024-04-18,OPERACION,2024-09-02
474,Sistema,3KL4,POWER PLANT DRUMMOND 1,TERMICA,NO DESPACHADO CENTRALMENTE,AUTOGENERADOR,DRUG,GAS,2024-04-22,OPERACION,2024-09-02
475,Sistema,3KL6,AGPE GASTROCESAR,SOLAR,NO DESPACHADO CENTRALMENTE,AUTOG PEQ. ESCALA,NEUC,RAD SOLAR,2024-04-20,OPERACION,2024-09-02
476,Sistema,3KL8,AGPE MANUEL GONZALEZ CASA 1,SOLAR,NO DESPACHADO CENTRALMENTE,AUTOG PEQ. ESCALA,SCEC,RAD SOLAR,2024-04-20,OPERACION,2024-09-02
477,Sistema,3KLA,AGPE JAIME HUMBERTO VELEZ,SOLAR,NO DESPACHADO CENTRALMENTE,AUTOG PEQ. ESCALA,ENBC,RAD SOLAR,2024-04-20,OPERACION,2024-09-02
478,Sistema,3KLC,AGPE ALFONSO PAYAN,SOLAR,NO DESPACHADO CENTRALMENTE,AUTOG PEQ. ESCALA,ENBC,RAD SOLAR,2024-04-20,OPERACION,2024-09-02
479,Sistema,3KLE,AGPE ALFREDO PACHECO,SOLAR,NO DESPACHADO CENTRALMENTE,AUTOG PEQ. ESCALA,ENBC,RAD SOLAR,2024-04-20,OPERACION,2024-09-02
480,Sistema,3KLG,AGPE CHM MINERIA SAS,SOLAR,NO DESPACHADO CENTRALMENTE,AUTOG PEQ. ESCALA,QIEC,RAD SOLAR,2024-04-20,OPERACION,2024-09-02
481,Sistema,3KLI,AGPE JUAN ERAZO,SOLAR,NO DESPACHADO CENTRALMENTE,AUTOG PEQ. ESCALA,ENBC,RAD SOLAR,2024-04-20,OPERACION,2024-09-02
482,Sistema,3KLK,AGPE SEMINARIO DIOCESANO CRISTO SACERDOTE,SOLAR,NO DESPACHADO CENTRALMENTE,AUTOG PEQ. ESCALA,CETC,RAD SOLAR,2024-04-21,OPERACION,2024-09-02
483,Sistema,3KLM,AGPE BERNARDO LENIS,SOLAR,NO DESPACHADO CENTRALMENTE,AUTOG PEQ. ESCALA,ENBC,RAD SOLAR,2024-04-22,OPERACION,2024-09-02
484,Sistema,3KLO,AGPE HENRI GALVIS NIETO,SOLAR,NO DESPACHADO CENTRALMENTE,AUTOG PEQ. ESCALA,GNCC,RAD SOLAR,2024-04-22,OPERACION,2024-09-02
485,Sistema,3KLQ,AUTOG TERMOMACAGUA 1,TERMICA,NO DESPACHADO CENTRALMENTE,AUTOGENERADOR,GSAG,GAS,2024-06-29,OPERACION,2024-09-02
486,Sistema,3KLS,AGPE PARDO CORENA LTDA,SOLAR,NO DESPACHADO CENTRALMENTE,AUTOG PEQ. ESCALA,SCEC,RAD SOLAR,2024-04-23,OPERACION,2024-09-02
487,Sistema,3KLU,AGPE SUMILAN,SOLAR,NO DESPACHADO CENTRALMENTE,AUTOG PEQ. ESCALA,GNCC,RAD SOLAR,2024-04-25,OPERACION,2024-09-02
488,Sistema,3KO9,AGPE CACHARRERIA JUNIOR L,SOLAR,NO DESPACHADO CENTRALMENTE,AUTOG PEQ. ESCALA,SCEC,RAD SOLAR,2024-04-25,OPERACION,2024-09-02
489,Sistema,3KOJ,AGPE MADEPAL,SOLAR,NO DESPACHADO CENTRALMENTE,AUTOG PEQ. ESCALA,CETC,RAD SOLAR,2024-04-27,OPERACION,2024-09-02
490,Sistema,3KOL,GD PALERMO,SOLAR,NO DESPACHADO CENTRALMENTE,GEN. DISTRIBUIDA,EPSG,RAD SOLAR,2024-02-29,PRUEBAS,2024-09-02
491,Sistema,3KOP,AGPE CASITA DEL CUY,SOLAR,NO DESPACHADO CENTRALMENTE,AUTOG PEQ. ESCALA,NEUC,RAD SOLAR,2024-04-28,OPERACION,2024-09-02
492,Sistema,3KOR,AGPE SUBASTAR SAHAGUN,SOLAR,NO DESPACHADO CENTRALMENTE,AUTOG PEQ. ESCALA,SCEC,RAD SOLAR,2024-04-28,OPERACION,2024-09-02
493,Sistema,3KOT,AGPE CESAR JULIO HERNANDEZ,SOLAR,NO DESPACHADO CENTRALMENTE,AUTOG PEQ. ESCALA,SCEC,RAD SOLAR,2024-04-28,OPERACION,2024-09-02
494,Sistema,3KOV,AGPE INDUSTRIAS NEGLE II,SOLAR,NO DESPACHADO CENTRALMENTE,AUTOG PEQ. ESCALA,NEUC,RAD SOLAR,2024-04-28,OPERACION,2024-09-02
495,Sistema,3KR2,AGPE FUNDACION  OFTALMOLOGICA,SOLAR,NO DESPACHADO CENTRALMENTE,AUTOG PEQ. ESCALA,BIAC,RAD SOLAR,2024-05-06,OPERACION,2024-09-02
496,Sistema,3KR4,AGPE CC LA FLORIDA II,SOLAR,NO DESPACHADO CENTRALMENTE,AUTOG PEQ. ESCALA,RTQC,RAD SOLAR,2024-05-06,OPERACION,2024-09-02
497,Sistema,3KR6,AGPE RAMON GIRALDO GONZALEZ,SOLAR,NO DESPACHADO CENTRALMENTE,AUTOG PEQ. ESCALA,SCEC,RAD SOLAR,2024-05-06,OPERACION,2024-09-02
498,Sistema,3KR8,AGPE MAURICIO VERGARA FRANCO,SOLAR,NO DESPACHADO CENTRALMENTE,AUTOG PEQ. ESCALA,SCEC,RAD SOLAR,2024-05-06,OPERACION,2024-09-02
499,Sistema,3KVZ,AUTOG BIOS CONTEGRAL CARTAGO,SOLAR,NO DESPACHADO CENTRALMENTE,AUTOGENERADOR,EPMG,RAD SOLAR,2024-05-24,OPERACION,2024-09-02
500,Sistema,3KX5,AGPE PARROQUIA ESPIRITU SANTO,SOLAR,NO DESPACHADO CENTRALMENTE,AUTOG PEQ. ESCALA,GNCC,RAD SOLAR,2024-05-16,OPERACION,2024-09-02
501,Sistema,3KXI,AGPE RODOLFO ANTONIO ONATE,SOLAR,NO DESPACHADO CENTRALMENTE,AUTOG PEQ. ESCALA,NEUC,RAD SOLAR,2024-05-16,OPERACION,2024-09-02
502,Sistema,3KXQ,AUTOG BIOS CONTEGRAL NEIVA,SOLAR,NO DESPACHADO CENTRALMENTE,AUTOGENERADOR,EPMG,RAD SOLAR,2024-05-24,OPERACION,2024-09-02
503,Sistema,3L99,AGPE GRUPO SAN JORGE,SOLAR,NO DESPACHADO CENTRALMENTE,AUTOG PEQ. ESCALA,SCEC,RAD SOLAR,2024-05-23,OPERACION,2024-09-02
504,Sistema,3L9B,AUTOG EL COPEY,SOLAR,NO DESPACHADO CENTRALMENTE,AUTOGENERADOR,GECG,RAD SOLAR,2024-05-31,OPERACION,2024-09-02
505,Sistema,3L9D,AGPE COLGATE PALMOLIVE PALMIRA,SOLAR,NO DESPACHADO CENTRALMENTE,AUTOG PEQ. ESCALA,EMIC,RAD SOLAR,2024-05-23,OPERACION,2024-09-02
506,Sistema,3LC5,AGPE OCCICAUCHO,SOLAR,NO DESPACHADO CENTRALMENTE,AUTOG PEQ. ESCALA,ETTC,RAD SOLAR,2024-05-30,OPERACION,2024-09-02
507,Sistema,3LC7,AGPE UNIPLAST SAS,SOLAR,NO DESPACHADO CENTRALMENTE,AUTOG PEQ. ESCALA,GNCC,RAD SOLAR,2024-05-30,OPERACION,2024-09-02
508,Sistema,3LC9,AGPE SANTIAGO ARANGO,SOLAR,NO DESPACHADO CENTRALMENTE,AUTOG PEQ. ESCALA,ENBC,RAD SOLAR,2024-05-30,OPERACION,2024-09-02
509,Sistema,3LCB,AGPE PRIMAX COLOMBIA FACATATIVA,SOLAR,NO DESPACHADO CENTRALMENTE,AUTOG PEQ. ESCALA,BIAC,RAD SOLAR,2024-05-30,OPERACION,2024-09-02
510,Sistema,3LLY,PARQUE SOLAR HONDA II,SOLAR,NO DESPACHADO CENTRALMENTE,NORMAL,AAGG,RAD SOLAR,2024-08-31,OPERACION,2024-09-02
511,Sistema,3LMH,JEQUES,SOLAR,NO DESPACHADO CENTRALMENTE,NORMAL,XAFG,RAD SOLAR,2023-12-31,PRUEBAS,2024-09-02
512,Sistema,3LMJ,CELSIA SOLAR BUGALAGRANDE,SOLAR,NO DESPACHADO CENTRALMENTE,NORMAL,EPSG,RAD SOLAR,2023-12-31,PRUEBAS,2024-09-02
513,Sistema,3LPS,AGPE COLEGIO PARROQUIAL PABLO VI,SOLAR,NO DESPACHADO CENTRALMENTE,AUTOG PEQ. ESCALA,GNCC,RAD SOLAR,2024-06-13,OPERACION,2024-09-02
514,Sistema,3LPU,AGPE CASA EPISCOPAL,SOLAR,NO DESPACHADO CENTRALMENTE,AUTOG PEQ. ESCALA,GNCC,RAD SOLAR,2024-06-13,OPERACION,2024-09-02
515,Sistema,3LPW,AGPE SEMINARIO DIOCESANO JUAN PABLO II,SOLAR,NO DESPACHADO CENTRALMENTE,AUTOG PEQ. ESCALA,GNCC,RAD SOLAR,2024-06-13,OPERACION,2024-09-02
516,Sistema,3LPY,AGPE AGROZ,SOLAR,NO DESPACHADO CENTRALMENTE,AUTOG PEQ. ESCALA,EPMC,RAD SOLAR,2024-06-13,OPERACION,2024-09-02
517,Sistema,3LQ1,AGPE LA SELVA,SOLAR,NO DESPACHADO CENTRALMENTE,AUTOG PEQ. ESCALA,EPMC,RAD SOLAR,2024-06-13,OPERACION,2024-09-02
518,Sistema,3LQ3,AGPE AMERICANA DE CURTIDOS,SOLAR,NO DESPACHADO CENTRALMENTE,AUTOG PEQ. ESCALA,EPMC,RAD SOLAR,2024-06-13,OPERACION,2024-09-02
519,Sistema,3LQZ,AGPE CABANA SERGIO VELEZ,SOLAR,NO DESPACHADO CENTRALMENTE,AUTOG PEQ. ESCALA,SCEC,RAD SOLAR,2024-06-13,OPERACION,2024-09-02
520,Sistema,3MAF,AGPE CABAL VASQUEZ Y CIA S EN C,SOLAR,NO DESPACHADO CENTRALMENTE,AUTOG PEQ. ESCALA,ENBC,RAD SOLAR,2024-06-20,OPERACION,2024-09-02
521,Sistema,3MAH,AGPE AMERIPLAST Y CIA,SOLAR,NO DESPACHADO CENTRALMENTE,AUTOG PEQ. ESCALA,EMIC,RAD SOLAR,2024-06-20,OPERACION,2024-09-02
522,Sistema,3MAJ,AGPE BERHLAN TEBAIDA,SOLAR,NO DESPACHADO CENTRALMENTE,AUTOG PEQ. ESCALA,GNCC,RAD SOLAR,2024-06-20,OPERACION,2024-09-02
523,Sistema,3MAL,AGPE CONSTRUCCIONES INMUNIZADAS,SOLAR,NO DESPACHADO CENTRALMENTE,AUTOG PEQ. ESCALA,GNCC,RAD SOLAR,2024-06-20,OPERACION,2024-09-02
524,Sistema,3MAN,AGPE JCURUETA,SOLAR,NO DESPACHADO CENTRALMENTE,AUTOG PEQ. ESCALA,ETTC,RAD SOLAR,2024-06-20,OPERACION,2024-09-02
525,Sistema,3MAP,AGPE MEDINUCLEAR SAS,SOLAR,NO DESPACHADO CENTRALMENTE,AUTOG PEQ. ESCALA,ASCC,RAD SOLAR,2024-06-20,OPERACION,2024-09-02
526,Sistema,3MAR,AGPE INVERSIONES ZORAIDA HV SAS,SOLAR,NO DESPACHADO CENTRALMENTE,AUTOG PEQ. ESCALA,NEUC,RAD SOLAR,2024-06-20,OPERACION,2024-09-02
527,Sistema,3MAT,AGPE INEMA,SOLAR,NO DESPACHADO CENTRALMENTE,AUTOG PEQ. ESCALA,GNCC,RAD SOLAR,2024-06-20,OPERACION,2024-09-02
528,Sistema,3MAV,AGPE LASTRA,SOLAR,NO DESPACHADO CENTRALMENTE,AUTOG PEQ. ESCALA,ETTC,RAD SOLAR,2024-06-20,OPERACION,2024-09-02
529,Sistema,3MFN,AGPE FRISBY SA,SOLAR,NO DESPACHADO CENTRALMENTE,AUTOG PEQ. ESCALA,EEPC,RAD SOLAR,2024-06-27,OPERACION,2024-09-02
530,Sistema,3MFP,AGPE IED LAS NIEVES,SOLAR,NO DESPACHADO CENTRALMENTE,AUTOG PEQ. ESCALA,EEPC,RAD SOLAR,2024-06-27,OPERACION,2024-09-02
531,Sistema,3MFR,AGPE IED SANTO DOMINGO DE GUZMAN,SOLAR,NO DESPACHADO CENTRALMENTE,AUTOG PEQ. ESCALA,EEPC,RAD SOLAR,2024-06-27,OPERACION,2024-09-02
532,Sistema,3MGV,AGPE VELEZ OSORIO E HIJOS S EN C CABANA,SOLAR,NO DESPACHADO CENTRALMENTE,AUTOG PEQ. ESCALA,SCEC,RAD SOLAR,2024-06-27,OPERACION,2024-09-02
533,Sistema,3MGX,AGPE CLINICA OFTALMALOGICA DE SUCRE,SOLAR,NO DESPACHADO CENTRALMENTE,AUTOG PEQ. ESCALA,SCEC,RAD SOLAR,2024-06-27,OPERACION,2024-09-02
534,Sistema,3MGZ,AGPE RAFAEL EDUARDO NARANJO,SOLAR,NO DESPACHADO CENTRALMENTE,AUTOG PEQ. ESCALA,SCEC,RAD SOLAR,2024-06-27,OPERACION,2024-09-02
535,Sistema,3MHB,MINIGRANJA LA PAZ VALLENATA,SOLAR,NO DESPACHADO CENTRALMENTE,GEN. DISTRIBUIDA,UNGG,RAD SOLAR,2024-08-13,OPERACION,2024-09-02
536,Sistema,3MHD,AGPE GERARDO ORTIZ HUERGO,SOLAR,NO DESPACHADO CENTRALMENTE,AUTOG PEQ. ESCALA,ENBC,RAD SOLAR,2024-06-27,OPERACION,2024-09-02
537,Sistema,3MHF,AGPE CAROL CHICA CASTILLA,SOLAR,NO DESPACHADO CENTRALMENTE,AUTOG PEQ. ESCALA,SCEC,RAD SOLAR,2024-06-27,OPERACION,2024-09-02
538,Sistema,3MHH,AGPE HOTEL ONOMA,SOLAR,NO DESPACHADO CENTRALMENTE,AUTOG PEQ. ESCALA,GNCC,RAD SOLAR,2024-06-27,OPERACION,2024-09-02
539,Sistema,3MS2,CELSIA SOLAR PUERTO TEJADA,SOLAR,NO DESPACHADO CENTRALMENTE,AUTOGENERADOR,EPSG,RAD SOLAR,2024-05-31,PRUEBAS,2024-09-02
540,Sistema,3MS5,AGPE SUBASTAR SAMPUES,SOLAR,NO DESPACHADO CENTRALMENTE,AUTOG PEQ. ESCALA,SCEC,RAD SOLAR,2024-07-01,OPERACION,2024-09-02
541,Sistema,3MTV,AGPE AGROPECUARIA TABAIDA SAS,SOLAR,NO DESPACHADO CENTRALMENTE,AUTOG PEQ. ESCALA,SCEC,RAD SOLAR,2024-07-04,OPERACION,2024-09-02
542,Sistema,3MTX,AGPE ROSIRIS MARGARITA AYAZO,SOLAR,NO DESPACHADO CENTRALMENTE,AUTOG PEQ. ESCALA,SCEC,RAD SOLAR,2024-07-04,OPERACION,2024-09-02
543,Sistema,3MTZ,AGPE LOLA DEL SOCORRO SANCHEZ MEJIA,SOLAR,NO DESPACHADO CENTRALMENTE,AUTOG PEQ. ESCALA,SCEC,RAD SOLAR,2024-07-04,OPERACION,2024-09-02
544,Sistema,3MU2,AGPE EIDER JULIO HOYOS MENDOZA,SOLAR,NO DESPACHADO CENTRALMENTE,AUTOG PEQ. ESCALA,SCEC,RAD SOLAR,2024-07-04,OPERACION,2024-09-02
545,Sistema,3MU8,AGPE HACIENDA GARZONERO SAS,SOLAR,NO DESPACHADO CENTRALMENTE,AUTOG PEQ. ESCALA,BIAC,RAD SOLAR,2024-07-04,OPERACION,2024-09-02
546,Sistema,3MUA,AGPE GRICOAT COLOMBIA I,SOLAR,NO DESPACHADO CENTRALMENTE,AUTOG PEQ. ESCALA,NEUC,RAD SOLAR,2024-07-04,OPERACION,2024-09-02
547,Sistema,3MUC,AGPE TSM PROJECT,SOLAR,NO DESPACHADO CENTRALMENTE,AUTOG PEQ. ESCALA,NEUC,RAD SOLAR,2024-07-04,OPERACION,2024-09-02
548,Sistema,3MXG,AGPE FELIX TORRES,SOLAR,NO DESPACHADO CENTRALMENTE,AUTOG PEQ. ESCALA,GNCC,RAD SOLAR,2024-07-18,OPERACION,2024-09-02
549,Sistema,3MXI,AGPE FARMATODO LIMONAR,SOLAR,NO DESPACHADO CENTRALMENTE,AUTOG PEQ. ESCALA,GNCC,RAD SOLAR,2024-07-18,OPERACION,2024-09-02
550,Sistema,3MXK,AGPE PLEX CORPORATIVO PROPIEDAD HORIZONTAL,SOLAR,NO DESPACHADO CENTRALMENTE,AUTOG PEQ. ESCALA,GNCC,RAD SOLAR,2024-07-18,OPERACION,2024-09-02
551,Sistema,3MXM,AGPE BANCO BOGOTA SAN NICOLAS,SOLAR,NO DESPACHADO CENTRALMENTE,AUTOG PEQ. ESCALA,GNCC,RAD SOLAR,2024-07-18,OPERACION,2024-09-02
552,Sistema,3MXO,AGPE HUGO ALEJANDRO HERRERA,SOLAR,NO DESPACHADO CENTRALMENTE,AUTOG PEQ. ESCALA,SCEC,RAD SOLAR,2024-07-18,OPERACION,2024-09-02
553,Sistema,3MXQ,AGPE CLINIDOTACIONES SAS,SOLAR,NO DESPACHADO CENTRALMENTE,AUTOG PEQ. ESCALA,SCEC,RAD SOLAR,2024-07-18,OPERACION,2024-09-02
554,Sistema,3MXS,AGPE LA CASA DEL DEPORTE,SOLAR,NO DESPACHADO CENTRALMENTE,AUTOG PEQ. ESCALA,SCEC,RAD SOLAR,2024-07-18,OPERACION,2024-09-02
555,Sistema,3MXU,AGPE ERAZO MARTINEZ ASOCIADOS,SOLAR,NO DESPACHADO CENTRALMENTE,AUTOG PEQ. ESCALA,SCEC,RAD SOLAR,2024-07-18,OPERACION,2024-09-02
556,Sistema,3MXW,AGPE VINALE S EN C,SOLAR,NO DESPACHADO CENTRALMENTE,AUTOG PEQ. ESCALA,SCEC,RAD SOLAR,2024-07-18,OPERACION,2024-09-02
557,Sistema,3MXY,AGPE ANDRES RODRIGO JARAMILLO DURANGO,SOLAR,NO DESPACHADO CENTRALMENTE,AUTOG PEQ. ESCALA,SCEC,RAD SOLAR,2024-07-18,OPERACION,2024-09-02
558,Sistema,3N5E,AGPE SUB LIBERTADOR,SOLAR,NO DESPACHADO CENTRALMENTE,AUTOG PEQ. ESCALA,CSSG,RAD SOLAR,2024-07-18,OPERACION,2024-09-02
559,Sistema,3N7Q,AGPE  ALIMENTOS NARINO MC SAS,SOLAR,NO DESPACHADO CENTRALMENTE,AUTOG PEQ. ESCALA,GNCC,RAD SOLAR,2024-08-01,OPERACION,2024-09-02
560,Sistema,3NAS,AGPE PROAGR19,SOLAR,NO DESPACHADO CENTRALMENTE,AUTOG PEQ. ESCALA,ETTC,RAD SOLAR,2024-07-31,PRUEBAS,2024-09-02
561,Sistema,3NAU,AGPE EDS LA PAZ,SOLAR,NO DESPACHADO CENTRALMENTE,AUTOG PEQ. ESCALA,TPLC,RAD SOLAR,2024-05-31,PRUEBAS,2024-09-02
562,Sistema,3NAW,AGPE JORGE ARMANDO SANCHEZ MEJIA,SOLAR,NO DESPACHADO CENTRALMENTE,AUTOG PEQ. ESCALA,QIEC,RAD SOLAR,2024-07-31,PRUEBAS,2024-09-02
563,Sistema,3NAY,AGPE GRUPO FIRENZE SAS LOC 1,SOLAR,NO DESPACHADO CENTRALMENTE,AUTOG PEQ. ESCALA,SCEC,RAD SOLAR,2024-08-01,OPERACION,2024-09-02
564,Sistema,3NB3,AGPE AUTOTECNICA COLOMBIANA,SOLAR,NO DESPACHADO CENTRALMENTE,AUTOG PEQ. ESCALA,EPMC,RAD SOLAR,2024-08-01,OPERACION,2024-09-02
565,Sistema,3NB5,AGPE INVERSIONES SANTOS HR SAS,SOLAR,NO DESPACHADO CENTRALMENTE,AUTOG PEQ. ESCALA,SCEC,RAD SOLAR,2024-08-01,OPERACION,2024-09-02
566,Sistema,3NB7,AGPE ASOCIACION DE MUNICIPIOS DEL SINU SABANA,SOLAR,NO DESPACHADO CENTRALMENTE,AUTOG PEQ. ESCALA,SCEC,RAD SOLAR,2024-08-01,OPERACION,2024-09-02
567,Sistema,3NB9,AGPE HERNAN DARIO GONZALEZ,SOLAR,NO DESPACHADO CENTRALMENTE,AUTOG PEQ. ESCALA,NEUC,RAD SOLAR,2024-08-01,OPERACION,2024-09-02
568,Sistema,3NBB,AGPE MARIA MERCES GARCIA BURGOS,SOLAR,NO DESPACHADO CENTRALMENTE,AUTOG PEQ. ESCALA,SCEC,RAD SOLAR,2024-05-31,PRUEBAS,2024-09-02
569,Sistema,3NBD,AGPE MELISSA ANDREA GUERRA LOPEZ,SOLAR,NO DESPACHADO CENTRALMENTE,AUTOG PEQ. ESCALA,SCEC,RAD SOLAR,2024-07-31,PRUEBAS,2024-09-02
570,Sistema,3ND4,AGPE SPATARO NAPOLI,SOLAR,NO DESPACHADO CENTRALMENTE,AUTOG PEQ. ESCALA,GNCC,RAD SOLAR,2024-08-01,OPERACION,2024-09-02
571,Sistema,3NFY,AGPE PRIMAX COLOMBIA SA III,SOLAR,NO DESPACHADO CENTRALMENTE,AUTOG PEQ. ESCALA,NEUC,RAD SOLAR,2024-08-15,OPERACION,2024-09-02
572,Sistema,3NG1,AGPE SERVITECA DICAR SAS,SOLAR,NO DESPACHADO CENTRALMENTE,AUTOG PEQ. ESCALA,SCEC,RAD SOLAR,2024-08-15,OPERACION,2024-09-02
573,Sistema,3NG3,AGPE GESTAR SALUD DE COLOMBIA IPS SAS,SOLAR,NO DESPACHADO CENTRALMENTE,AUTOG PEQ. ESCALA,SCEC,RAD SOLAR,2024-08-15,OPERACION,2024-09-02
574,Sistema,3NG5,AGPE ARA BARANOA CENTRO,SOLAR,NO DESPACHADO CENTRALMENTE,AUTOG PEQ. ESCALA,NEUC,RAD SOLAR,2024-08-15,OPERACION,2024-09-02
575,Sistema,3NG7,AGPE CELINA DEL CARMEN CARRASCAL DE PATINO,SOLAR,NO DESPACHADO CENTRALMENTE,AUTOG PEQ. ESCALA,SCEC,RAD SOLAR,2024-08-15,OPERACION,2024-09-02
576,Sistema,3NG9,AGPE LAURA DE JESUS VEGA HERNANDEZ,SOLAR,NO DESPACHADO CENTRALMENTE,AUTOG PEQ. ESCALA,SCEC,RAD SOLAR,2024-08-15,OPERACION,2024-09-02
577,Sistema,3NGB,AGPE KAREN PATRICIA DUQUE DUQUE,SOLAR,NO DESPACHADO CENTRALMENTE,AUTOG PEQ. ESCALA,SCEC,RAD SOLAR,2024-08-15,OPERACION,2024-09-02
578,Sistema,3NGD,AGPE GIMNASIO ALTAIR DE LA SABANA LIMITIDA,SOLAR,NO DESPACHADO CENTRALMENTE,AUTOG PEQ. ESCALA,SCEC,RAD SOLAR,2024-08-15,OPERACION,2024-09-02
579,Sistema,3NGF,AGPE MAXILUJOS MTR,SOLAR,NO DESPACHADO CENTRALMENTE,AUTOG PEQ. ESCALA,SCEC,RAD SOLAR,2024-08-15,OPERACION,2024-09-02
580,Sistema,3NGH,AGPE SGS CONSTRUCCIONES SAS,SOLAR,NO DESPACHADO CENTRALMENTE,AUTOG PEQ. ESCALA,SCEC,RAD SOLAR,2024-08-15,OPERACION,2024-09-02
581,Sistema,3NGJ,GD CHIMBI,SOLAR,NO DESPACHADO CENTRALMENTE,GEN. DISTRIBUIDA,EPSG,RAD SOLAR,2024-08-28,OPERACION,2024-09-02
582,Sistema,3NLE,GD NAOS I,SOLAR,NO DESPACHADO CENTRALMENTE,GEN. DISTRIBUIDA,UNGG,RAD SOLAR,2024-08-27,OPERACION,2024-09-02
583,Sistema,ABJ1,LA CASCADA ( ABEJORRAL),HIDRAULICA,NO DESPACHADO CENTRALMENTE,NORMAL,GPEG,AGUA,2007-09-17,OPERACION,2024-09-02
584,Sistema,AFR1,AGUA FRESCA,HIDRAULICA,NO DESPACHADO CENTRALMENTE,NORMAL,ADCG,AGUA,2008-04-10,OPERACION,2024-09-02
585,Sistema,ALBG,ALBAN,HIDRAULICA,DESPACHADO CENTRALMENTE,NORMAL,EPSG,AGUA,2000-12-15,OPERACION,2024-09-02
586,Sistema,ALTG,ALTO TULUA,HIDRAULICA,NO DESPACHADO CENTRALMENTE,NORMAL,EPSG,AGUA,2012-05-28,OPERACION,2024-09-02
587,Sistema,AMA1,AMAIME,HIDRAULICA,NO DESPACHADO CENTRALMENTE,NORMAL,EPSG,AGUA,2011-01-06,OPERACION,2024-09-02
588,Sistema,AMF1,AMALFI,HIDRAULICA,NO DESPACHADO CENTRALMENTE,GEN. DISTRIBUIDA,HZEG,AGUA,2007-08-05,OPERACION,2024-09-02
589,Sistema,AMR1,AMERICA,HIDRAULICA,NO DESPACHADO CENTRALMENTE,GEN. DISTRIBUIDA,EPMG,AGUA,1997-01-01,OPERACION,2024-09-02
590,Sistema,APHA,FUTURA - PARQUE ALPHA,EOLICA,DESPACHADO CENTRALMENTE,NORMAL,VNRG,VIENTO,2022-12-01,PRUEBAS,2024-09-02
591,Sistema,APLU,FUTURA - APOTOLORRU,EOLICA,DESPACHADO CENTRALMENTE,NORMAL,CHVG,VIENTO,2022-12-01,PRUEBAS,2024-09-02
592,Sistema,ARG1,AUTOG ARGOS CARTAGENA 1,TERMICA,NO DESPACHADO CENTRALMENTE,AUTOGENERADOR,EPSG,GAS,2016-03-15,OPERACION,2024-09-02
593,Sistema,ASN1,ASNAZU,HIDRAULICA,NO DESPACHADO CENTRALMENTE,GEN. DISTRIBUIDA,GNCG,AGUA,1934-01-01,OPERACION,2024-09-02
594,Sistema,AYR1,AUTOG AYURA,HIDRAULICA,NO DESPACHADO CENTRALMENTE,AUTOGENERADOR,EPMG,AGUA,1983-10-26,OPERACION,2024-09-02
595,Sistema,BAR1,BARROSO,HIDRAULICA,NO DESPACHADO CENTRALMENTE,NORMAL,ISGG,AGUA,2012-11-30,OPERACION,2024-09-02
596,Sistema,BETA,FUTURA - PARQUE BETA,EOLICA,DESPACHADO CENTRALMENTE,NORMAL,EOEG,VIENTO,2022-12-01,PRUEBAS,2024-09-02
597,Sistema,BLL3,BELLO,HIDRAULICA,NO DESPACHADO CENTRALMENTE,NORMAL,EPMG,AGUA,1997-01-01,OPERACION,2024-09-02
598,Sistema,BLM1,BELMONTE,HIDRAULICA,NO DESPACHADO CENTRALMENTE,NORMAL,EEPG,AGUA,1939-01-01,OPERACION,2024-09-02
599,Sistema,BSQ1,EL BOSQUE,HIDRAULICA,NO DESPACHADO CENTRALMENTE,NORMAL,ERCG,AGUA,1935-01-01,OPERACION,2024-09-02
600,Sistema,BYN1,BAYONA,HIDRAULICA,NO DESPACHADO CENTRALMENTE,GEN. DISTRIBUIDA,CALG,AGUA,1943-01-01,OPERACION,2024-09-02
601,Sistema,CAS1,CENTRAL CASTILLA 1,COGENERADOR,NO DESPACHADO CENTRALMENTE,COGENERADOR,RPEG,BAGAZO,2004-08-15,OPERACION,2024-09-02
602,Sistema,CCN1,COCONUCO,HIDRAULICA,NO DESPACHADO CENTRALMENTE,NORMAL,EMEG,AGUA,2000-09-27,OPERACION,2024-09-02
603,Sistema,CELE,FUTURA - CASA ELECTRICA,EOLICA,DESPACHADO CENTRALMENTE,NORMAL,CHVG,VIENTO,2022-12-01,PRUEBAS,2024-09-02
604,Sistema,CGM1,MAYAGUEZ 1,COGENERADOR,NO DESPACHADO CENTRALMENTE,COGENERADOR,EPSG,BAGAZO,2010-08-17,OPERACION,2024-09-02
605,Sistema,CHBG,BETANIA,HIDRAULICA,DESPACHADO CENTRALMENTE,NORMAL,ENDG,AGUA,1987-11-01,OPERACION,2024-09-02
606,Sistema,CHVR,CHIVOR,HIDRAULICA,DESPACHADO CENTRALMENTE,NORMAL,CHVG,AGUA,1977-05-23,OPERACION,2024-09-02
607,Sistema,CIP1,INGENIO PROVIDENCIA 2,COGENERADOR,NO DESPACHADO CENTRALMENTE,COGENERADOR,NTCG,BAGAZO,2009-05-18,OPERACION,2024-09-02
608,Sistema,CIS1,INGENIO SAN CARLOS 1,COGENERADOR,NO DESPACHADO CENTRALMENTE,COGENERADOR,EPSG,BAGAZO,2011-07-23,OPERACION,2024-09-02
609,Sistema,CLDR,CALDERAS,HIDRAULICA,NO DESPACHADO CENTRALMENTE,NORMAL,ISGG,AGUA,2006-06-30,OPERACION,2024-09-02
610,Sistema,CLL1,CARLOS LLERAS,HIDRAULICA,DESPACHADO CENTRALMENTE,FILO AGUA ESPECIAL,HDPG,AGUA,2015-11-22,OPERACION,2024-09-02
611,Sistema,CLMG,CALIMA,HIDRAULICA,DESPACHADO CENTRALMENTE,NORMAL,EPSG,AGUA,1967-01-01,OPERACION,2024-09-02
612,Sistema,CMN1,AUTOG CEMENTOS DEL NARE,HIDRAULICA,NO DESPACHADO CENTRALMENTE,AUTOGENERADOR,EPMG,AGUA,2004-09-01,OPERACION,2024-09-02
613,Sistema,CMP2,CAMPESTRE (EPM),HIDRAULICA,NO DESPACHADO CENTRALMENTE,NORMAL,EPMG,AGUA,1997-01-01,OPERACION,2024-09-02
614,Sistema,COE1,COELLO,HIDRAULICA,NO DESPACHADO CENTRALMENTE,NORMAL,ENGG,AGUA,2016-12-10,OPERACION,2024-09-02
615,Sistema,CPT1,CAMPESTRE (CALARCA),HIDRAULICA,NO DESPACHADO CENTRALMENTE,NORMAL,CALG,AGUA,1956-01-01,OPERACION,2024-09-02
616,Sistema,CQT1,CHARQUITO,HIDRAULICA,NO DESPACHADO CENTRALMENTE,NORMAL,ENDG,AGUA,2003-08-22,OPERACION,2024-09-02
617,Sistema,CRC1,CARACOLI,HIDRAULICA,NO DESPACHADO CENTRALMENTE,FILO DE AGUA,EPMG,AGUA,1935-01-01,OPERACION,2024-09-02
618,Sistema,CSC1,CASCADA,HIDRAULICA,NO DESPACHADO CENTRALMENTE,NORMAL,EPMG,AGUA,1954-01-01,OPERACION,2024-09-02
619,Sistema,CTG1,CARTAGENA 1,TERMICA,DESPACHADO CENTRALMENTE,NORMAL,NTCG,COMBUSTOLEO,1995-07-20,OPERACION,2024-09-02
620,Sistema,CTG2,CARTAGENA 2,TERMICA,DESPACHADO CENTRALMENTE,NORMAL,NTCG,COMBUSTOLEO,1980-01-01,OPERACION,2024-09-02
621,Sistema,CTG3,CARTAGENA 3,TERMICA,DESPACHADO CENTRALMENTE,NORMAL,NTCG,COMBUSTOLEO,1980-01-01,OPERACION,2024-09-02
622,Sistema,CUC1,CUCUANA,HIDRAULICA,DESPACHADO CENTRALMENTE,FILO DE AGUA,EPSG,AGUA,2015-07-29,OPERACION,2024-09-02
623,Sistema,CUR1,CURRUCUCUES,HIDRAULICA,NO DESPACHADO CENTRALMENTE,NORMAL,NRCG,AGUA,2010-08-18,OPERACION,2024-09-02
624,Sistema,DVS1,DARIO VALENCIA SAMPER,HIDRAULICA,DESPACHADO CENTRALMENTE,FILO DE AGUA,ENDG,AGUA,2013-11-10,OPERACION,2024-09-02
625,Sistema,EPFV,EL PASO,SOLAR,DESPACHADO CENTRALMENTE,NORMAL,ENDG,RAD SOLAR,2024-03-23,OPERACION,2024-09-02
626,Sistema,ESMR,ESMERALDA,HIDRAULICA,DESPACHADO CENTRALMENTE,FILO DE AGUA,EPMG,AGUA,1963-01-01,OPERACION,2024-09-02
627,Sistema,FLRD,FLORIDA,HIDRAULICA,NO DESPACHADO CENTRALMENTE,FILO DE AGUA,GNCG,AGUA,1975-01-01,OPERACION,2024-09-02
628,Sistema,GCA1,CARUQUIA,HIDRAULICA,NO DESPACHADO CENTRALMENTE,NORMAL,ISGG,AGUA,2010-01-28,OPERACION,2024-09-02
629,Sistema,GCC1,GUACAICA,HIDRAULICA,NO DESPACHADO CENTRALMENTE,GEN. DISTRIBUIDA,EPMG,AGUA,1992-01-01,OPERACION,2024-09-02
630,Sistema,GE32,GECELCA 32,TERMICA,DESPACHADO CENTRALMENTE,NORMAL,GECG,CARBON,2018-09-28,OPERACION,2024-09-02
631,Sistema,GEC3,GECELCA 3,TERMICA,DESPACHADO CENTRALMENTE,NORMAL,GECG,CARBON,2015-09-17,OPERACION,2024-09-02
632,Sistema,GQA1,GUANAQUITAS,HIDRAULICA,NO DESPACHADO CENTRALMENTE,NORMAL,ISGG,AGUA,2010-06-30,OPERACION,2024-09-02
633,Sistema,GTPE,GUATAPE,HIDRAULICA,DESPACHADO CENTRALMENTE,NORMAL,EPMG,AGUA,1972-01-01,OPERACION,2024-09-02
634,Sistema,GTRG,GUATRON,HIDRAULICA,DESPACHADO CENTRALMENTE,NORMAL,EPMG,AGUA,1966-01-01,OPERACION,2024-09-02
635,Sistema,GVIO,GUAVIO,HIDRAULICA,DESPACHADO CENTRALMENTE,NORMAL,ENDG,AGUA,1993-03-19,OPERACION,2024-09-02
636,Sistema,GYPO,GUAYEPO,SOLAR,DESPACHADO CENTRALMENTE,NORMAL,ENDG,RAD SOLAR,2022-09-30,PRUEBAS,2024-09-02
637,Sistema,HMIN,ESCUELA DE MINAS,HIDRAULICA,DESPACHADO CENTRALMENTE,FILO DE AGUA,HDPG,AGUA,2019-09-30,OPERACION,2024-09-02
638,Sistema,HMLG,MIEL I,HIDRAULICA,DESPACHADO CENTRALMENTE,NORMAL,ISGG,AGUA,2002-12-01,OPERACION,2024-09-02
639,Sistema,HMO1,HIDROMONTAÑITAS,HIDRAULICA,NO DESPACHADO CENTRALMENTE,FILO DE AGUA,EPSG,AGUA,2012-06-14,OPERACION,2024-09-02
640,Sistema,HRD1,LA HERRADURA,HIDRAULICA,NO DESPACHADO CENTRALMENTE,FILO DE AGUA,EPMG,AGUA,2004-09-03,OPERACION,2024-09-02
641,Sistema,INC1,INCAUCA 1,COGENERADOR,NO DESPACHADO CENTRALMENTE,COGENERADOR,NTCG,BAGAZO,1998-10-21,OPERACION,2024-09-02
642,Sistema,INS1,INSULA,HIDRAULICA,NO DESPACHADO CENTRALMENTE,NORMAL,EPMG,AGUA,1995-07-20,OPERACION,2024-09-02
643,Sistema,INT1,INTERMEDIA,HIDRAULICA,NO DESPACHADO CENTRALMENTE,GEN. DISTRIBUIDA,EPMG,AGUA,1974-01-01,OPERACION,2024-09-02
644,Sistema,INZ1,INZA,HIDRAULICA,NO DESPACHADO CENTRALMENTE,GEN. DISTRIBUIDA,GNCG,AGUA,2009-02-05,OPERACION,2024-09-02
645,Sistema,IQU1,IQUIRA I,HIDRAULICA,NO DESPACHADO CENTRALMENTE,NORMAL,HLAG,AGUA,1955-01-01,OPERACION,2024-09-02
646,Sistema,IQU2,IQUIRA II,HIDRAULICA,NO DESPACHADO CENTRALMENTE,NORMAL,HLAG,AGUA,1965-01-01,OPERACION,2024-09-02
647,Sistema,IRG1,INGENIO RISARALDA 1,COGENERADOR,NO DESPACHADO CENTRALMENTE,COGENERADOR,EEPG,BAGAZO,2003-08-15,OPERACION,2024-09-02
648,Sistema,JAGS,JAGUAS,HIDRAULICA,DESPACHADO CENTRALMENTE,NORMAL,ISGG,AGUA,1988-07-01,OPERACION,2024-09-02
649,Sistema,LBR1,NUEVO LIBARE,HIDRAULICA,NO DESPACHADO CENTRALMENTE,NORMAL,EEPG,AGUA,1994-01-01,OPERACION,2024-09-02
650,Sistema,LCS1,LA CASCADA (ANTIOQUIA),HIDRAULICA,NO DESPACHADO CENTRALMENTE,NORMAL,GNCG,AGUA,2007-07-17,OPERACION,2024-09-02
651,Sistema,LMR1,EL LIMONAR,HIDRAULICA,NO DESPACHADO CENTRALMENTE,NORMAL,ENDG,AGUA,2003-12-06,OPERACION,2024-09-02
652,Sistema,LPLO,RIO PALO,HIDRAULICA,NO DESPACHADO CENTRALMENTE,NORMAL,GNCG,AGUA,1960-01-01,OPERACION,2024-09-02
653,Sistema,LTSJ,LA TASAJERA,HIDRAULICA,DESPACHADO CENTRALMENTE,NORMAL,EPMG,AGUA,1994-05-20,OPERACION,2024-09-02
654,Sistema,MATA,LA MATA,SOLAR,DESPACHADO CENTRALMENTE,NORMAL,SLMG,RAD SOLAR,2024-06-27,OPERACION,2024-09-02
655,Sistema,MIR1,MIROLINDO,HIDRAULICA,NO DESPACHADO CENTRALMENTE,NORMAL,HDTG,AGUA,2004-11-03,OPERACION,2024-09-02
656,Sistema,MNC1,MUNICIPAL,HIDRAULICA,NO DESPACHADO CENTRALMENTE,NORMAL,EPMG,AGUA,1935-01-01,OPERACION,2024-09-02
657,Sistema,MND1,MONDOMO,HIDRAULICA,NO DESPACHADO CENTRALMENTE,GEN. DISTRIBUIDA,GNCG,AGUA,1958-01-01,OPERACION,2024-09-02
658,Sistema,MNT1,MANANTIALES,HIDRAULICA,NO DESPACHADO CENTRALMENTE,NORMAL,EPMG,AGUA,1992-01-01,OPERACION,2024-09-02
659,Sistema,MOY1,AMOYA LA ESPERANZA,HIDRAULICA,DESPACHADO CENTRALMENTE,FILO DE AGUA,ISGG,AGUA,2013-05-24,OPERACION,2024-09-02
660,Sistema,MRL1,MERILECTRICA 1,TERMICA,DESPACHADO CENTRALMENTE,NORMAL,EPSG,GAS,1998-02-05,OPERACION,2024-09-02
661,Sistema,NAV1,LA NAVETA,HIDRAULICA,NO DESPACHADO CENTRALMENTE,NORMAL,IACG,AGUA,2014-11-27,OPERACION,2024-09-02
662,Sistema,NIM1,NIMA,HIDRAULICA,NO DESPACHADO CENTRALMENTE,NORMAL,EPSG,AGUA,1942-01-01,OPERACION,2024-09-02
663,Sistema,NQU1,NIQUIA,HIDRAULICA,NO DESPACHADO CENTRALMENTE,NORMAL,EPMG,AGUA,1993-06-28,OPERACION,2024-09-02
664,Sistema,NTB1,NUTIBARA,HIDRAULICA,NO DESPACHADO CENTRALMENTE,GEN. DISTRIBUIDA,EPMG,AGUA,1997-01-01,OPERACION,2024-09-02
665,Sistema,OVJ1,OVEJAS,HIDRAULICA,NO DESPACHADO CENTRALMENTE,GEN. DISTRIBUIDA,GNCG,AGUA,1939-01-01,OPERACION,2024-09-02
666,Sistema,PES1,ITUANGO,HIDRAULICA,DESPACHADO CENTRALMENTE,NORMAL,EPMG,AGUA,2022-12-01,OPERACION,2024-09-02
667,Sistema,PGUG,PAGUA,HIDRAULICA,DESPACHADO CENTRALMENTE,NORMAL,ENDG,AGUA,1986-12-01,OPERACION,2024-09-02
668,Sistema,PIC1,INGENIO PICHICHI 1,COGENERADOR,NO DESPACHADO CENTRALMENTE,COGENERADOR,EMEG,BAGAZO,2010-01-26,OPERACION,2024-09-02
669,Sistema,PJR1,PAJARITO,HIDRAULICA,NO DESPACHADO CENTRALMENTE,NORMAL,EPMG,AGUA,1999-11-25,OPERACION,2024-09-02
670,Sistema,PLM1,PALMAS SAN GIL,HIDRAULICA,NO DESPACHADO CENTRALMENTE,NORMAL,EPMG,AGUA,1954-01-01,OPERACION,2024-09-02
671,Sistema,PLU1,URRAO,HIDRAULICA,NO DESPACHADO CENTRALMENTE,NORMAL,DEPG,AGUA,2007-07-30,OPERACION,2024-09-02
672,Sistema,PLYS,PLAYAS,HIDRAULICA,DESPACHADO CENTRALMENTE,NORMAL,EPMG,AGUA,1988-08-01,OPERACION,2024-09-02
673,Sistema,PMR1,REMEDIOS,HIDRAULICA,NO DESPACHADO CENTRALMENTE,GEN. DISTRIBUIDA,CIEG,AGUA,2007-09-19,OPERACION,2024-09-02
674,Sistema,PNC1,COGENERADOR PROENCA,COGENERADOR,NO DESPACHADO CENTRALMENTE,COGENERADOR,PECG,BAGAZO,2014-04-29,OPERACION,2024-09-02
675,Sistema,PPA1,PAIPA 1,TERMICA,DESPACHADO CENTRALMENTE,NORMAL,HIMG,CARBON,1963-01-01,OPERACION,2024-09-02
676,Sistema,PPA2,PAIPA 2,TERMICA,DESPACHADO CENTRALMENTE,NORMAL,HIMG,CARBON,1975-01-01,OPERACION,2024-09-02
677,Sistema,PPA3,PAIPA 3,TERMICA,DESPACHADO CENTRALMENTE,NORMAL,HIMG,CARBON,1982-05-06,OPERACION,2024-09-02
678,Sistema,PPA4,PAIPA 4,TERMICA,DESPACHADO CENTRALMENTE,NORMAL,SOCG,CARBON,1999-01-08,OPERACION,2024-09-02
679,Sistema,PPN1,PAPELES NACIONALES,COGENERADOR,NO DESPACHADO CENTRALMENTE,COGENERADOR,NRCG,GAS,2009-02-05,OPERACION,2024-09-02
680,Sistema,PRC2,PORCE II,HIDRAULICA,DESPACHADO CENTRALMENTE,NORMAL,EPMG,AGUA,2001-04-08,OPERACION,2024-09-02
681,Sistema,PRC3,PORCE III,HIDRAULICA,DESPACHADO CENTRALMENTE,NORMAL,EPMG,AGUA,2011-02-09,OPERACION,2024-09-02
682,Sistema,PRD4,PRADO IV,HIDRAULICA,NO DESPACHADO CENTRALMENTE,NORMAL,EPSG,AGUA,1973-03-01,OPERACION,2024-09-02
683,Sistema,PRDO,PRADO,HIDRAULICA,DESPACHADO CENTRALMENTE,NORMAL,EPSG,AGUA,1973-03-01,OPERACION,2024-09-02
684,Sistema,PRG1,PROELECTRICA 1,TERMICA,DESPACHADO CENTRALMENTE,NORMAL,PRIG,GAS,1993-07-01,OPERACION,2024-09-02
685,Sistema,PRG2,PROELECTRICA 2,TERMICA,DESPACHADO CENTRALMENTE,NORMAL,PRIG,GAS,1993-07-01,OPERACION,2024-09-02
686,Sistema,PRV1,PROVIDENCIA,HIDRAULICA,NO DESPACHADO CENTRALMENTE,NORMAL,HZEG,AGUA,2015-09-30,OPERACION,2024-09-02
687,Sistema,PST1,PASTALES,HIDRAULICA,NO DESPACHADO CENTRALMENTE,GEN. DISTRIBUIDA,HDTG,AGUA,2004-02-18,OPERACION,2024-09-02
688,Sistema,PTA1,LA PITA,HIDRAULICA,NO DESPACHADO CENTRALMENTE,NORMAL,HLAG,AGUA,1965-01-01,OPERACION,2024-09-02
689,Sistema,PTC1,PATICO - LA CABRERA,HIDRAULICA,NO DESPACHADO CENTRALMENTE,NORMAL,CCGG,AGUA,1930-01-01,OPERACION,2024-09-02
690,Sistema,PTG1,PUENTE GUILLERMO,HIDRAULICA,NO DESPACHADO CENTRALMENTE,NORMAL,NRCG,AGUA,2001-09-01,OPERACION,2024-09-02
691,Sistema,PTR1,PTAR 1,TERMICA,NO DESPACHADO CENTRALMENTE,NORMAL,EMIG,GAS,2005-11-01,PRUEBAS,2024-09-02
692,Sistema,QUI1,EL QUIMBO,HIDRAULICA,DESPACHADO CENTRALMENTE,NORMAL,ENDG,AGUA,2015-11-16,OPERACION,2024-09-02
693,Sistema,RBB1,RIO BOBO,HIDRAULICA,NO DESPACHADO CENTRALMENTE,NORMAL,CDNG,AGUA,1960-01-01,OPERACION,2024-09-02
694,Sistema,RCIO,RIO RECIO,HIDRAULICA,NO DESPACHADO CENTRALMENTE,GEN. DISTRIBUIDA,HDTG,AGUA,1958-11-01,OPERACION,2024-09-02
695,Sistema,RCL1,RIO CALI,HIDRAULICA,NO DESPACHADO CENTRALMENTE,NORMAL,EPSG,AGUA,1925-01-01,OPERACION,2024-09-02
696,Sistema,RFR1,RIO FRIO I,HIDRAULICA,NO DESPACHADO CENTRALMENTE,NORMAL,CETG,AGUA,1954-01-01,OPERACION,2024-09-02
697,Sistema,RFR2,RIO FRIO II,HIDRAULICA,NO DESPACHADO CENTRALMENTE,FILO DE AGUA,CETG,AGUA,1996-01-01,OPERACION,2024-09-02
698,Sistema,RGR1,RIO GRANDE,HIDRAULICA,NO DESPACHADO CENTRALMENTE,GEN. DISTRIBUIDA,EPMG,AGUA,2007-12-01,OPERACION,2024-09-02
699,Sistema,RGRN,RIOGRANDE I,HIDRAULICA,NO DESPACHADO CENTRALMENTE,NORMAL,EPMG,AGUA,1956-01-01,OPERACION,2024-09-02
700,Sistema,RMR1,RUMOR,HIDRAULICA,NO DESPACHADO CENTRALMENTE,NORMAL,CETG,AGUA,1999-01-01,OPERACION,2024-09-02
701,Sistema,RMYO,RIO MAYO,HIDRAULICA,NO DESPACHADO CENTRALMENTE,FILO DE AGUA,CDNG,AGUA,1995-07-20,OPERACION,2024-09-02
702,Sistema,RNG1,RIONEGRO,HIDRAULICA,NO DESPACHADO CENTRALMENTE,NORMAL,SPRG,AGUA,1975-01-01,OPERACION,2024-09-02
703,Sistema,RPD1,RIO PIEDRAS,HIDRAULICA,DESPACHADO CENTRALMENTE,FILO DE AGUA,EPSG,AGUA,2000-03-31,OPERACION,2024-09-02
704,Sistema,RPL1,INGENIO RIOPAILA 1,COGENERADOR,NO DESPACHADO CENTRALMENTE,COGENERADOR,RPEG,BAGAZO,2018-05-21,OPERACION,2024-09-02
705,Sistema,SBA1,SUBA,HIDRAULICA,NO DESPACHADO CENTRALMENTE,NORMAL,ENDG,AGUA,2013-04-15,OPERACION,2024-09-02
706,Sistema,SFC1,SAN FRANCISCO (PUTUMAYO),HIDRAULICA,NO DESPACHADO CENTRALMENTE,GEN. DISTRIBUIDA,GPYG,AGUA,2012-12-15,OPERACION,2024-09-02
707,Sistema,SJM1,SAN JOSE DE LA MONTAÑA,HIDRAULICA,NO DESPACHADO CENTRALMENTE,GEN. DISTRIBUIDA,GPEG,AGUA,2007-07-30,OPERACION,2024-09-02
708,Sistema,SJN1,SAJANDI,HIDRAULICA,NO DESPACHADO CENTRALMENTE,NORMAL,GNCG,AGUA,1995-01-01,OPERACION,2024-09-02
709,Sistema,SJOG,SAN JOSE,HIDRAULICA,NO DESPACHADO CENTRALMENTE,GEN. DISTRIBUIDA,GCEG,AGUA,2003-11-16,OPERACION,2024-09-02
710,Sistema,SLV1,SILVIA,HIDRAULICA,NO DESPACHADO CENTRALMENTE,GEN. DISTRIBUIDA,GNCG,AGUA,1994-01-01,OPERACION,2024-09-02
711,Sistema,SLVJ,SALVAJINA,HIDRAULICA,DESPACHADO CENTRALMENTE,NORMAL,EPSG,AGUA,1995-07-20,OPERACION,2024-09-02
712,Sistema,SMI1,SAN MIGUEL,HIDRAULICA,DESPACHADO CENTRALMENTE,FILO DE AGUA,ISGG,AGUA,2015-12-23,OPERACION,2024-09-02
713,Sistema,SNC1,SAN CANCIO,HIDRAULICA,NO DESPACHADO CENTRALMENTE,NORMAL,EPMG,AGUA,1929-01-01,OPERACION,2024-09-02
714,Sistema,SNCR,SAN CARLOS,HIDRAULICA,DESPACHADO CENTRALMENTE,NORMAL,ISGG,AGUA,1984-01-20,OPERACION,2024-09-02
715,Sistema,SNFR,SAN FRANCISCO,HIDRAULICA,DESPACHADO CENTRALMENTE,FILO DE AGUA,EPMG,AGUA,1969-01-01,OPERACION,2024-09-02
716,Sistema,SNS1,SONSON,HIDRAULICA,NO DESPACHADO CENTRALMENTE,NORMAL,EPMG,AGUA,2002-06-01,OPERACION,2024-09-02
717,Sistema,SNT1,SANTA ANA,HIDRAULICA,NO DESPACHADO CENTRALMENTE,NORMAL,ENDG,AGUA,2005-06-09,OPERACION,2024-09-02
718,Sistema,SOG1,SOGAMOSO,HIDRAULICA,DESPACHADO CENTRALMENTE,NORMAL,ISGG,AGUA,2014-12-20,OPERACION,2024-09-02
719,Sistema,SPY1,RIO SAPUYES,HIDRAULICA,NO DESPACHADO CENTRALMENTE,NORMAL,CDNG,AGUA,1954-01-01,OPERACION,2024-09-02
720,Sistema,SRA1,SANTA RITA,HIDRAULICA,NO DESPACHADO CENTRALMENTE,NORMAL,GPEG,AGUA,2010-08-18,OPERACION,2024-09-02
721,Sistema,STG1,SANTIAGO,HIDRAULICA,NO DESPACHADO CENTRALMENTE,NORMAL,HDTG,AGUA,2011-01-08,OPERACION,2024-09-02
722,Sistema,SUV1,SUEVA 2,HIDRAULICA,NO DESPACHADO CENTRALMENTE,NORMAL,CMXG,AGUA,2002-05-24,OPERACION,2024-09-02
723,Sistema,TBQ3,BARRANQUILLA 3,TERMICA,DESPACHADO CENTRALMENTE,NORMAL,TBSG,GAS,1980-01-01,OPERACION,2024-09-02
724,Sistema,TBQ4,BARRANQUILLA 4,TERMICA,DESPACHADO CENTRALMENTE,NORMAL,TBSG,GAS,1980-01-01,OPERACION,2024-09-02
725,Sistema,TBST,TEBSAB CC,TERMICA,DESPACHADO CENTRALMENTE,CICLO COMBINADO,TBSG,GAS,1989-10-21,OPERACION,2024-09-02
726,Sistema,TCBE,TERMOCARIBE III 1,TERMICA,DESPACHADO CENTRALMENTE,NORMAL,TCBG,GLP,2024-03-21,OPERACION,2024-09-02
727,Sistema,TCDT,TERMOCANDELARIA CC,TERMICA,DESPACHADO CENTRALMENTE,CICLO COMBINADO,TCIG,GAS,2023-10-27,OPERACION,2024-09-02
728,Sistema,TDR1,TERMODORADA 1,TERMICA,DESPACHADO CENTRALMENTE,NORMAL,EPMG,JET-A1,1997-08-11,OPERACION,2024-09-02
729,Sistema,TEC1,TERMOEMCALI CC,TERMICA,DESPACHADO CENTRALMENTE,CICLO COMBINADO,TEMG,ACPM,1999-07-16,OPERACION,2024-09-02
730,Sistema,TFL1,FLORES I CC,TERMICA,DESPACHADO CENTRALMENTE,CICLO COMBINADO,TMFG,GAS,1993-11-01,OPERACION,2024-09-02
731,Sistema,TFL4,FLORES 4 CC,TERMICA,DESPACHADO CENTRALMENTE,CICLO COMBINADO,TMFG,GAS,2010-12-01,OPERACION,2024-09-02
732,Sistema,TGJ1,GUAJIRA 1,TERMICA,DESPACHADO CENTRALMENTE,NORMAL,GECG,CARBON,1983-08-08,OPERACION,2024-09-02
733,Sistema,TGJ2,GUAJIRA 2,TERMICA,DESPACHADO CENTRALMENTE,NORMAL,GECG,CARBON,1987-11-23,OPERACION,2024-09-02
734,Sistema,TMB1,TERMOBOLIVAR 1,TERMICA,NO DESPACHADO CENTRALMENTE,NORMAL,GSAG,GAS,2016-03-04,OPERACION,2024-09-02
735,Sistema,TMS1,RIOFRIO (TAMESIS),HIDRAULICA,NO DESPACHADO CENTRALMENTE,GEN. DISTRIBUIDA,EPMG,AGUA,1951-01-01,OPERACION,2024-09-02
736,Sistema,TPD1,TERMOPIEDRAS,TERMICA,NO DESPACHADO CENTRALMENTE,NORMAL,TRPG,GAS,1999-12-30,OPERACION,2024-09-02
737,Sistema,TPUY,PARQUE SOLAR TEPUY,SOLAR,DESPACHADO CENTRALMENTE,NORMAL,EPMG,RAD SOLAR,2024-06-12,OPERACION,2024-09-02
738,Sistema,TR2G,TRINA-VATIA BSLII,SOLAR,NO DESPACHADO CENTRALMENTE,NORMAL,ISGG,RAD SOLAR,2021-01-22,OPERACION,2024-09-02
739,Sistema,TR3G,TRINA-VATIA BSLIII,SOLAR,NO DESPACHADO CENTRALMENTE,NORMAL,ISGG,RAD SOLAR,2020-11-30,OPERACION,2024-09-02
740,Sistema,TRM1,TERMOCENTRO CC,TERMICA,DESPACHADO CENTRALMENTE,CICLO COMBINADO,TCNG,GAS,2000-11-30,OPERACION,2024-09-02
741,Sistema,TRN1,TERMONORTE,TERMICA,DESPACHADO CENTRALMENTE,NORMAL,TMNG,COMBUSTOLEO,2018-12-01,OPERACION,2024-09-02
742,Sistema,TSJ1,TASAJERO 1,TERMICA,DESPACHADO CENTRALMENTE,NORMAL,TRMG,CARBON,1985-02-20,OPERACION,2024-09-02
743,Sistema,TSJ2,TASAJERO 2,TERMICA,DESPACHADO CENTRALMENTE,NORMAL,TERG,CARBON,2015-11-30,OPERACION,2024-09-02
744,Sistema,TSR1,TERMOSIERRA CC,TERMICA,DESPACHADO CENTRALMENTE,CICLO COMBINADO,EPMG,ACPM,1998-02-07,OPERACION,2024-09-02
745,Sistema,TUJ1,TUNJITA,HIDRAULICA,NO DESPACHADO CENTRALMENTE,NORMAL,CHVG,AGUA,2016-06-30,OPERACION,2024-09-02
746,Sistema,TVL1,TERMOVALLE CC,TERMICA,DESPACHADO CENTRALMENTE,CICLO COMBINADO,TMVG,ACPM,2011-12-17,OPERACION,2024-09-02
747,Sistema,TYP1,TERMOYOPAL 1,TERMICA,DESPACHADO CENTRALMENTE,NORMAL,TYPG,GAS,2005-03-11,OPERACION,2024-09-02
748,Sistema,TYP2,TERMOYOPAL 2,TERMICA,DESPACHADO CENTRALMENTE,NORMAL,TYPG,GAS,2004-07-29,OPERACION,2024-09-02
749,Sistema,TYP3,TERMOYOPAL G3,TERMICA,DESPACHADO CENTRALMENTE,NORMAL,TYPG,GAS,2020-08-31,OPERACION,2024-09-02
750,Sistema,TYP4,TERMOYOPAL G4,TERMICA,DESPACHADO CENTRALMENTE,NORMAL,TYPG,GAS,2020-08-31,OPERACION,2024-09-02
751,Sistema,TYP5,TERMOYOPAL G5,TERMICA,DESPACHADO CENTRALMENTE,NORMAL,TYPG,GAS,2021-02-11,OPERACION,2024-09-02
752,Sistema,UNN1,UNION,HIDRAULICA,NO DESPACHADO CENTRALMENTE,GEN. DISTRIBUIDA,CALG,AGUA,1935-01-01,OPERACION,2024-09-02
753,Sistema,URA1,URRA,HIDRAULICA,DESPACHADO CENTRALMENTE,NORMAL,EMUG,AGUA,2000-02-14,OPERACION,2024-09-02
754,Sistema,USQ1,USAQUEN,HIDRAULICA,NO DESPACHADO CENTRALMENTE,NORMAL,ENDG,AGUA,2013-04-15,OPERACION,2024-09-02
755,Sistema,VLT1,LA VUELTA,HIDRAULICA,NO DESPACHADO CENTRALMENTE,NORMAL,EPMG,AGUA,2004-11-22,OPERACION,2024-09-02
756,Sistema,VNTA,VENTANA A,HIDRAULICA,NO DESPACHADO CENTRALMENTE,NORMAL,HDTG,AGUA,1957-11-01,OPERACION,2024-09-02
757,Sistema,VNTB,VENTANA B,HIDRAULICA,NO DESPACHADO CENTRALMENTE,NORMAL,HDTG,AGUA,1957-11-01,OPERACION,2024-09-02
758,Sistema,ZPA2,ZIPAEMG 2,TERMICA,DESPACHADO CENTRALMENTE,NORMAL,ENDG,CARBON,1964-01-01,OPERACION,2024-09-02
759,Sistema,ZPA3,ZIPAEMG 3,TERMICA,DESPACHADO CENTRALMENTE,NORMAL,ENDG,CARBON,1976-01-01,OPERACION,2024-09-02
760,Sistema,ZPA4,ZIPAEMG 4,TERMICA,DESPACHADO CENTRALMENTE,NORMAL,ENDG,CARBON,1981-04-01,OPERACION,2024-09-02
761,Sistema,ZPA5,ZIPAEMG 5,TERMICA,DESPACHADO CENTRALMENTE,NORMAL,ENDG,CARBON,1985-12-14,OPERACION,2024-09-02
